id,title,genres,overview,image
16498,Shingeki no Kyojin,"Action, Award Winning, Drama, Gore, Military, Shounen, Survival, Suspense","Genres: Action, Award Winning, Drama, Gore, Military, Shounen, Survival, Suspense. Studio: Wit Studio. Rating: 8.58",https://cdn.myanimelist.net/images/anime/10/47347.webp
1535,Death Note,"Psychological, Shounen, Supernatural, Suspense","Genres: Psychological, Shounen, Supernatural, Suspense. Studio: Madhouse. Rating: 8.62",https://cdn.myanimelist.net/images/anime/1079/138100.jpg
5114,Fullmetal Alchemist: Brotherhood,"Action, Adventure, Drama, Fantasy, Military, Shounen","Genres: Action, Adventure, Drama, Fantasy, Military, Shounen. Studio: Bones. Rating: 9.11",https://cdn.myanimelist.net/images/anime/1208/94745.jpg
30276,One Punch Man,"Action, Adult Cast, Comedy, Parody, Seinen, Super Power","Genres: Action, Adult Cast, Comedy, Parody, Seinen, Super Power. Studio: Madhouse. Rating: 8.47",https://cdn.myanimelist.net/images/anime/12/76049.webp
38000,Kimetsu no Yaiba,"Action, Award Winning, Historical, Shounen, Supernatural","Genres: Action, Award Winning, Historical, Shounen, Supernatural. Studio: ufotable. Rating: 8.39",https://cdn.myanimelist.net/images/anime/1286/99889.webp
31964,Boku no Hero Academia,"Action, School, Shounen, Super Power","Genres: Action, School, Shounen, Super Power. Studio: Bones. Rating: 7.82",https://cdn.myanimelist.net/images/anime/10/78745.webp
11757,Sword Art Online,"Action, Adventure, Fantasy, Romance, Video Game","Genres: Action, Adventure, Fantasy, Romance, Video Game. Studio: A-1 Pictures. Rating: 7.23",https://cdn.myanimelist.net/images/anime/11/39717.webp
11061,Hunter x Hunter (2011),"Action, Adventure, Fantasy, Shounen","Genres: Action, Adventure, Fantasy, Shounen. Studio: Madhouse. Rating: 9.03",https://cdn.myanimelist.net/images/anime/1337/99013.jpg
20,Naruto,"Action, Adventure, Fantasy, Martial Arts, Shounen","Genres: Action, Adventure, Fantasy, Martial Arts, Shounen. Studio: Studio Pierrot. Rating: 8.02",https://cdn.myanimelist.net/images/anime/1141/142503.jpg
40748,Jujutsu Kaisen,"Action, Award Winning, School, Shounen, Supernatural","Genres: Action, Award Winning, School, Shounen, Supernatural. Studio: MAPPA. Rating: 8.49",https://cdn.myanimelist.net/images/anime/1171/109222.webp
22319,Tokyo Ghoul,"Action, Fantasy, Gore, Horror, Psychological, Seinen, Suspense, Urban Fantasy","Genres: Action, Fantasy, Gore, Horror, Psychological, Seinen, Suspense, Urban Fantasy. Studio: Studio Pierrot. Rating: 7.79",https://cdn.myanimelist.net/images/anime/1498/134443.webp
32281,Kimi no Na wa.,"Award Winning, Drama","Genres: Award Winning, Drama. Studio: CoMix Wave Films. Rating: 8.82",https://cdn.myanimelist.net/images/anime/5/87048.jpg
25777,Shingeki no Kyojin Season 2,"Action, Drama, Gore, Military, Shounen, Survival, Suspense","Genres: Action, Drama, Gore, Military, Shounen, Survival, Suspense. Studio: Wit Studio. Rating: 8.54",https://cdn.myanimelist.net/images/anime/4/84177.jpg
9253,Steins;Gate,"Drama, Psychological, Sci-Fi, Suspense, Time Travel","Genres: Drama, Psychological, Sci-Fi, Suspense, Time Travel. Studio: White Fox. Rating: 9.07",https://cdn.myanimelist.net/images/anime/1935/127974.webp
1735,Naruto: Shippuuden,"Action, Adventure, Fantasy, Martial Arts, Shounen","Genres: Action, Adventure, Fantasy, Martial Arts, Shounen. Studio: Studio Pierrot. Rating: 8.29",https://cdn.myanimelist.net/images/anime/1565/111305.webp
33486,Boku no Hero Academia 2nd Season,"Action, School, Shounen, Super Power","Genres: Action, School, Shounen, Super Power. Studio: Bones. Rating: 8.04",https://cdn.myanimelist.net/images/anime/12/85221.webp
21,One Piece,"Action, Adventure, Fantasy, Shounen","Genres: Action, Adventure, Fantasy, Shounen. Studio: Toei Animation. Rating: 8.73",https://cdn.myanimelist.net/images/anime/1244/138851.jpg
35760,Shingeki no Kyojin Season 3,"Action, Drama, Gore, Military, Shounen, Survival, Suspense","Genres: Action, Drama, Gore, Military, Shounen, Survival, Suspense. Studio: Wit Studio. Rating: 8.65",https://cdn.myanimelist.net/images/anime/1173/92110.webp
28851,Koe no Katachi,"Award Winning, Drama, Shounen","Genres: Award Winning, Drama, Shounen. Studio: Kyoto Animation. Rating: 8.93",https://cdn.myanimelist.net/images/anime/1122/96435.webp
38524,Shingeki no Kyojin Season 3 Part 2,"Action, Drama, Gore, Military, Shounen, Survival, Suspense","Genres: Action, Drama, Gore, Military, Shounen, Survival, Suspense. Studio: Wit Studio. Rating: 9.05",https://cdn.myanimelist.net/images/anime/1517/100633.jpg
19815,No Game No Life,"Comedy, Ecchi, Fantasy, Isekai, Strategy Game","Genres: Comedy, Ecchi, Fantasy, Isekai, Strategy Game. Studio: Madhouse. Rating: 8.03",https://cdn.myanimelist.net/images/anime/1074/111944.webp
1575,Code Geass: Hangyaku no Lelouch,"Award Winning, Drama, Mecha, Military, School, Sci-Fi, Super Power","Genres: Award Winning, Drama, Mecha, Military, School, Sci-Fi, Super Power. Studio: Sunrise. Rating: 8.71",https://cdn.myanimelist.net/images/anime/1032/135088.jpg
31240,Re:Zero kara Hajimeru Isekai Seikatsu,"Drama, Fantasy, Isekai, Psychological, Suspense, Time Travel","Genres: Drama, Fantasy, Isekai, Psychological, Suspense, Time Travel. Studio: White Fox. Rating: 8.25",https://cdn.myanimelist.net/images/anime/1522/128039.webp
23273,Shigatsu wa Kimi no Uso,"Drama, Love Polygon, Music, Performing Arts, Romance, School, Shounen","Genres: Drama, Love Polygon, Music, Performing Arts, Romance, School, Shounen. Studio: A-1 Pictures. Rating: 8.64",https://cdn.myanimelist.net/images/anime/1405/143284.jpg
36456,Boku no Hero Academia 3rd Season,"Action, School, Shounen, Super Power","Genres: Action, School, Shounen, Super Power. Studio: Bones. Rating: 7.98",https://cdn.myanimelist.net/images/anime/1319/92084.webp
4224,Toradora!,"Drama, Love Polygon, Romance, School","Genres: Drama, Love Polygon, Romance, School. Studio: J.C.Staff. Rating: 8.03",https://cdn.myanimelist.net/images/anime/13/22128.webp
32182,Mob Psycho 100,"Action, Comedy, Supernatural","Genres: Action, Comedy, Supernatural. Studio: Bones. Rating: 8.49",https://cdn.myanimelist.net/images/anime/8/80356.webp
20507,Noragami,"Action, Mythology, Shounen, Supernatural","Genres: Action, Mythology, Shounen, Supernatural. Studio: Bones. Rating: 7.94",https://cdn.myanimelist.net/images/anime/1886/128266.jpg
40028,Shingeki no Kyojin: The Final Season,"Action, Drama, Gore, Military, Shounen, Survival, Suspense","Genres: Action, Drama, Gore, Military, Shounen, Survival, Suspense. Studio: MAPPA. Rating: 8.79",https://cdn.myanimelist.net/images/anime/1000/110531.jpg
31043,Boku dake ga Inai Machi,"Mystery, Psychological, Seinen, Suspense, Time Travel","Genres: Mystery, Psychological, Seinen, Suspense, Time Travel. Studio: A-1 Pictures. Rating: 8.31",https://cdn.myanimelist.net/images/anime/10/77957.webp
22199,Akame ga Kill!,"Action, Fantasy, Gore, Shounen","Genres: Action, Fantasy, Gore, Shounen. Studio: White Fox. Rating: 7.48",https://cdn.myanimelist.net/images/anime/1429/95946.jpg
269,Bleach,"Action, Adventure, Shounen, Supernatural","Genres: Action, Adventure, Shounen, Supernatural. Studio: Studio Pierrot. Rating: 8.0",https://cdn.myanimelist.net/images/anime/1541/147774.jpg
24833,Ansatsu Kyoushitsu,"Action, Comedy, School, Shounen","Genres: Action, Comedy, School, Shounen. Studio: Lerche. Rating: 8.07",https://cdn.myanimelist.net/images/anime/5/75639.webp
23755,Nanatsu no Taizai,"Action, Adventure, Fantasy, Shounen","Genres: Action, Adventure, Fantasy, Shounen. Studio: A-1 Pictures. Rating: 7.59",https://cdn.myanimelist.net/images/anime/8/65409.jpg
6547,Angel Beats!,"Drama, Fantasy, School","Genres: Drama, Fantasy, School. Studio: P.A. Works. Rating: 8.05",https://cdn.myanimelist.net/images/anime/1244/111115.jpg
20583,Haikyuu!!,"School, Shounen, Sports, Team Sports","Genres: School, Shounen, Sports, Team Sports. Studio: Production I.G. Rating: 8.43",https://cdn.myanimelist.net/images/anime/7/76014.webp
37779,Yakusoku no Neverland,"Mystery, Psychological, Shounen, Survival, Suspense","Genres: Mystery, Psychological, Shounen, Survival, Suspense. Studio: CloverWorks. Rating: 8.47",https://cdn.myanimelist.net/images/anime/1830/118780.webp
30831,Kono Subarashii Sekai ni Shukufuku wo!,"Adventure, Comedy, Fantasy, Isekai, Parody","Genres: Adventure, Comedy, Fantasy, Isekai, Parody. Studio: Studio Deen. Rating: 8.09",https://cdn.myanimelist.net/images/anime/1895/142748.webp
10620,Mirai Nikki (TV),"Action, Gore, High Stakes Game, Psychological, Shounen, Supernatural, Survival, Suspense","Genres: Action, Gore, High Stakes Game, Psychological, Shounen, Supernatural, Survival, Suspense. Studio: asread.. Rating: 7.38",https://cdn.myanimelist.net/images/anime/13/33465.jpg
21881,Sword Art Online II,"Action, Adventure, Fantasy, Romance, Video Game","Genres: Action, Adventure, Fantasy, Romance, Video Game. Studio: A-1 Pictures. Rating: 6.72",https://cdn.myanimelist.net/images/anime/1223/121999.webp
1,Cowboy Bebop,"Action, Adult Cast, Award Winning, Sci-Fi, Space","Genres: Action, Adult Cast, Award Winning, Sci-Fi, Space. Studio: Sunrise. Rating: 8.75",https://cdn.myanimelist.net/images/anime/4/19644.webp
9919,Ao no Exorcist,"Action, Mythology, School, Shounen, Supernatural","Genres: Action, Mythology, School, Shounen, Supernatural. Studio: A-1 Pictures. Rating: 7.47",https://cdn.myanimelist.net/images/anime/10/75195.webp
22535,Kiseijuu: Sei no Kakuritsu,"Action, Gore, Horror, Psychological, Sci-Fi, Seinen, Suspense","Genres: Action, Gore, Horror, Psychological, Sci-Fi, Seinen, Suspense. Studio: Madhouse. Rating: 8.32",https://cdn.myanimelist.net/images/anime/3/73178.webp
30,Shinseiki Evangelion,"Avant Garde, Award Winning, Drama, Mecha, Psychological, Sci-Fi, Suspense","Genres: Avant Garde, Award Winning, Drama, Mecha, Psychological, Sci-Fi, Suspense. Studio: Gainax, Tatsunoko Production. Rating: 8.37",https://cdn.myanimelist.net/images/anime/1314/108941.webp
199,Sen to Chihiro no Kamikakushi,"Adventure, Award Winning, Fantasy, Mythology","Genres: Adventure, Award Winning, Fantasy, Mythology. Studio: Studio Ghibli. Rating: 8.77",https://cdn.myanimelist.net/images/anime/6/79597.webp
33352,Violet Evergarden,Drama,Genres: Drama. Studio: Kyoto Animation. Rating: 8.69,https://cdn.myanimelist.net/images/anime/1795/95088.jpg
44511,Chainsaw Man,"Action, Fantasy, Gore, Shounen, Urban Fantasy","Genres: Action, Fantasy, Gore, Shounen, Urban Fantasy. Studio: MAPPA. Rating: 8.42",https://cdn.myanimelist.net/images/anime/1806/126216.jpg
37450,Seishun Buta Yarou wa Bunny Girl Senpai no Yume wo Minai,"Drama, Romance, School, Supernatural","Genres: Drama, Romance, School, Supernatural. Studio: CloverWorks. Rating: 8.23",https://cdn.myanimelist.net/images/anime/1301/93586.webp
38691,Dr. Stone,"Adventure, Comedy, Shounen","Genres: Adventure, Comedy, Shounen. Studio: TMS Entertainment. Rating: 8.26",https://cdn.myanimelist.net/images/anime/1613/102576.webp
2904,Code Geass: Hangyaku no Lelouch R2,"Award Winning, Drama, Mecha, Military, Sci-Fi, Super Power","Genres: Award Winning, Drama, Mecha, Military, Sci-Fi, Super Power. Studio: Sunrise. Rating: 8.92",https://cdn.myanimelist.net/images/anime/1088/135089.webp
37999,Kaguya-sama wa Kokurasetai: Tensai-tachi no Renai Zunousen,"Comedy, Romance, School, Seinen","Genres: Comedy, Romance, School, Seinen. Studio: A-1 Pictures. Rating: 8.4",https://cdn.myanimelist.net/images/anime/1295/106551.webp
28223,Death Parade,"Adult Cast, Drama, Fantasy, High Stakes Game, Psychological, Suspense","Genres: Adult Cast, Drama, Fantasy, High Stakes Game, Psychological, Suspense. Studio: Madhouse. Rating: 8.13",https://cdn.myanimelist.net/images/anime/5/71553.webp
34572,Black Clover,"Action, Fantasy, Shounen","Genres: Action, Fantasy, Shounen. Studio: Studio Pierrot. Rating: 8.14",https://cdn.myanimelist.net/images/anime/2/88336.jpg
38408,Boku no Hero Academia 4th Season,"Action, School, Shounen, Super Power","Genres: Action, School, Shounen, Super Power. Studio: Bones. Rating: 7.86",https://cdn.myanimelist.net/images/anime/1412/107914.jpg
50265,Spy x Family,"Action, Award Winning, Childcare, Comedy, Shounen, Super Power","Genres: Action, Award Winning, Childcare, Comedy, Shounen, Super Power. Studio: Wit Studio, CloverWorks. Rating: 8.41",https://cdn.myanimelist.net/images/anime/1441/122795.webp
27899,Tokyo Ghoul √A,"Action, Fantasy, Gore, Horror, Psychological, Seinen, Suspense, Urban Fantasy","Genres: Action, Fantasy, Gore, Horror, Psychological, Seinen, Suspense, Urban Fantasy. Studio: Studio Pierrot. Rating: 7.03",https://cdn.myanimelist.net/images/anime/1889/123307.jpg
34134,One Punch Man 2nd Season,"Action, Adult Cast, Comedy, Parody, Seinen, Super Power","Genres: Action, Adult Cast, Comedy, Parody, Seinen, Super Power. Studio: J.C.Staff. Rating: 7.52",https://cdn.myanimelist.net/images/anime/1247/122044.webp
14719,JoJo no Kimyou na Bouken (TV),"Action, Adventure, Historical, Shounen, Supernatural, Vampire","Genres: Action, Adventure, Historical, Shounen, Supernatural, Vampire. Studio: David Production. Rating: 7.87",https://cdn.myanimelist.net/images/anime/3/40409.webp
18679,Kill la Kill,"Action, Comedy, Ecchi, Fantasy, School, Urban Fantasy","Genres: Action, Comedy, Ecchi, Fantasy, School, Urban Fantasy. Studio: Trigger. Rating: 8.03",https://cdn.myanimelist.net/images/anime/1464/111943.jpg
37521,Vinland Saga,"Action, Adventure, Drama, Gore, Historical, Seinen","Genres: Action, Adventure, Drama, Gore, Historical, Seinen. Studio: Wit Studio. Rating: 8.78",https://cdn.myanimelist.net/images/anime/1500/103005.jpg
6702,Fairy Tail,"Action, Adventure, Fantasy, Shounen","Genres: Action, Adventure, Fantasy, Shounen. Studio: Satelight, A-1 Pictures. Rating: 7.57",https://cdn.myanimelist.net/images/anime/5/18179.jpg
35849,Darling in the FranXX,"Drama, Mecha, Romance, Sci-Fi","Genres: Drama, Mecha, Romance, Sci-Fi. Studio: A-1 Pictures, Trigger, CloverWorks. Rating: 7.21",https://cdn.myanimelist.net/images/anime/1614/90408.webp
40456,Kimetsu no Yaiba Movie: Mugen Ressha-hen,"Action, Historical, Shounen, Supernatural","Genres: Action, Historical, Shounen, Supernatural. Studio: ufotable. Rating: 8.53",https://cdn.myanimelist.net/images/anime/1704/106947.jpg
11111,Another,"Gore, Horror, Mystery, School","Genres: Gore, Horror, Mystery, School. Studio: P.A. Works. Rating: 7.46",https://cdn.myanimelist.net/images/anime/4/75509.webp
3588,Soul Eater,"Action, Comedy, Fantasy, School, Shounen","Genres: Action, Comedy, Fantasy, School, Shounen. Studio: Bones. Rating: 7.86",https://cdn.myanimelist.net/images/anime/1071/149486.webp
2001,Tengen Toppa Gurren Lagann,"Adventure, Award Winning, Mecha, Sci-Fi","Genres: Adventure, Award Winning, Mecha, Sci-Fi. Studio: Gainax. Rating: 8.65",https://cdn.myanimelist.net/images/anime/4/5123.webp
35790,Tate no Yuusha no Nariagari,"Action, Adventure, Drama, Fantasy, Isekai","Genres: Action, Adventure, Drama, Fantasy, Isekai. Studio: Kinema Citrus. Rating: 7.9",https://cdn.myanimelist.net/images/anime/1490/101365.webp
28999,Charlotte,"Drama, School, Super Power","Genres: Drama, School, Super Power. Studio: P.A. Works. Rating: 7.76",https://cdn.myanimelist.net/images/anime/1826/147276.webp
29803,Overlord,"Action, Adventure, Fantasy, Isekai","Genres: Action, Adventure, Fantasy, Isekai. Studio: Madhouse. Rating: 7.89",https://cdn.myanimelist.net/images/anime/1945/136600.webp
47778,Kimetsu no Yaiba: Yuukaku-hen,"Action, Historical, Shounen, Supernatural","Genres: Action, Historical, Shounen, Supernatural. Studio: ufotable. Rating: 8.69",https://cdn.myanimelist.net/images/anime/1908/120036.webp
13601,Psycho-Pass,"Action, Adult Cast, Detective, Mystery, Psychological, Sci-Fi, Suspense","Genres: Action, Adult Cast, Detective, Mystery, Psychological, Sci-Fi, Suspense. Studio: Production I.G. Rating: 8.32",https://cdn.myanimelist.net/images/anime/1314/142015.webp
28171,Shokugeki no Souma,"Ecchi, Gourmet, School, Shounen","Genres: Ecchi, Gourmet, School, Shounen. Studio: J.C.Staff. Rating: 8.11",https://cdn.myanimelist.net/images/anime/1444/148976.jpg
37510,Mob Psycho 100 II,"Action, Comedy, Supernatural","Genres: Action, Comedy, Supernatural. Studio: Bones. Rating: 8.78",https://cdn.myanimelist.net/images/anime/1918/96303.jpg
9989,Ano Hi Mita Hana no Namae wo Bokutachi wa Mada Shiranai.,"Drama, Supernatural","Genres: Drama, Supernatural. Studio: A-1 Pictures. Rating: 8.28",https://cdn.myanimelist.net/images/anime/5/79697.webp
42897,Horimiya,"Romance, School, Shounen","Genres: Romance, School, Shounen. Studio: CloverWorks. Rating: 8.18",https://cdn.myanimelist.net/images/anime/1695/111486.jpg
37430,Tensei shitara Slime Datta Ken,"Action, Comedy, Fantasy, Isekai, Reincarnation, Shounen","Genres: Action, Comedy, Fantasy, Isekai, Reincarnation, Shounen. Studio: 8bit. Rating: 8.13",https://cdn.myanimelist.net/images/anime/1069/123309.jpg
32937,Kono Subarashii Sekai ni Shukufuku wo! 2,"Adventure, Comedy, Fantasy, Isekai, Parody","Genres: Adventure, Comedy, Fantasy, Isekai, Parody. Studio: Studio Deen. Rating: 8.24",https://cdn.myanimelist.net/images/anime/2/83188.webp
15809,Hataraku Maou-sama!,"Comedy, Supernatural","Genres: Comedy, Supernatural. Studio: White Fox. Rating: 7.69",https://cdn.myanimelist.net/images/anime/3/50177.webp
28121,Dungeon ni Deai wo Motomeru no wa Machigatteiru Darou ka,"Action, Adventure, Fantasy","Genres: Action, Adventure, Fantasy. Studio: J.C.Staff. Rating: 7.52",https://cdn.myanimelist.net/images/anime/1172/148981.webp
34933,Kakegurui,"Drama, High Stakes Game, Mystery, Psychological, School, Shounen, Strategy Game, Suspense","Genres: Drama, High Stakes Game, Mystery, Psychological, School, Shounen, Strategy Game, Suspense. Studio: MAPPA. Rating: 7.21",https://cdn.myanimelist.net/images/anime/3/86578.webp
226,Elfen Lied,"Action, Drama, Gore, Horror, Psychological, Romance, Seinen, Super Power, Suspense","Genres: Action, Drama, Gore, Horror, Psychological, Romance, Seinen, Super Power, Suspense. Studio: Arms. Rating: 7.45",https://cdn.myanimelist.net/images/anime/1780/121555.webp
8074,Highschool of the Dead,"Action, Ecchi, Gore, Horror, Shounen, Survival, Suspense","Genres: Action, Ecchi, Gore, Horror, Shounen, Survival, Suspense. Studio: Madhouse. Rating: 7.06",https://cdn.myanimelist.net/images/anime/11/78311.jpg
10087,Fate/Zero,"Action, Fantasy, Urban Fantasy","Genres: Action, Fantasy, Urban Fantasy. Studio: ufotable. Rating: 8.26",https://cdn.myanimelist.net/images/anime/1887/117644.webp
39535,Mushoku Tensei: Isekai Ittara Honki Dasu,"Adventure, Drama, Ecchi, Fantasy, Isekai, Reincarnation","Genres: Adventure, Drama, Ecchi, Fantasy, Isekai, Reincarnation. Studio: Studio Bind. Rating: 8.32",https://cdn.myanimelist.net/images/anime/1530/117776.jpg
48583,Shingeki no Kyojin: The Final Season Part 2,"Action, Drama, Gore, Military, Shounen, Survival, Suspense","Genres: Action, Drama, Gore, Military, Shounen, Survival, Suspense. Studio: MAPPA. Rating: 8.78",https://cdn.myanimelist.net/images/anime/1948/120625.jpg
14813,Yahari Ore no Seishun Love Comedy wa Machigatteiru.,"Comedy, Love Polygon, Romance, School","Genres: Comedy, Love Polygon, Romance, School. Studio: Brain's Base. Rating: 8.0",https://cdn.myanimelist.net/images/anime/1786/120117.jpg
30654,Ansatsu Kyoushitsu 2nd Season,"Action, Comedy, School, Shounen","Genres: Action, Comedy, School, Shounen. Studio: Lerche. Rating: 8.47",https://cdn.myanimelist.net/images/anime/8/77966.jpg
28891,Haikyuu!! Second Season,"School, Shounen, Sports, Team Sports","Genres: School, Shounen, Sports, Team Sports. Studio: Production I.G. Rating: 8.61",https://cdn.myanimelist.net/images/anime/9/76662.jpg
34599,Made in Abyss,"Adventure, Drama, Fantasy, Gore, Mystery, Sci-Fi","Genres: Adventure, Drama, Fantasy, Gore, Mystery, Sci-Fi. Studio: Kinema Citrus. Rating: 8.62",https://cdn.myanimelist.net/images/anime/6/86733.webp
31478,Bungou Stray Dogs,"Action, Adult Cast, Detective, Mystery, Organized Crime, Seinen, Super Power","Genres: Action, Adult Cast, Detective, Mystery, Organized Crime, Seinen, Super Power. Studio: Bones. Rating: 7.8",https://cdn.myanimelist.net/images/anime/3/79409.webp
121,Fullmetal Alchemist,"Action, Adventure, Award Winning, Drama, Fantasy, Military, Shounen","Genres: Action, Adventure, Award Winning, Drama, Fantasy, Military, Shounen. Studio: Bones. Rating: 8.12",https://cdn.myanimelist.net/images/anime/10/75815.webp
38671,Enen no Shouboutai,"Action, Fantasy, Sci-Fi, Shounen, Urban Fantasy","Genres: Action, Fantasy, Sci-Fi, Shounen, Urban Fantasy. Studio: David Production. Rating: 7.72",https://cdn.myanimelist.net/images/anime/1664/103275.jpg
30503,Noragami Aragoto,"Action, Mythology, Shounen, Supernatural","Genres: Action, Mythology, Shounen, Supernatural. Studio: Bones. Rating: 8.14",https://cdn.myanimelist.net/images/anime/1689/94850.webp
11617,High School DxD,"Action, Comedy, Ecchi, Harem, Mythology, Romance, School, Supernatural","Genres: Action, Comedy, Ecchi, Harem, Mythology, Romance, School, Supernatural. Studio: TNK. Rating: 7.31",https://cdn.myanimelist.net/images/anime/1331/111940.webp
2167,Clannad,"Drama, Romance, School","Genres: Drama, Romance, School. Studio: Kyoto Animation. Rating: 7.99",https://cdn.myanimelist.net/images/anime/1804/95033.webp
40591,Kaguya-sama wa Kokurasetai? Tensai-tachi no Renai Zunousen,"Comedy, Romance, School, Seinen","Genres: Comedy, Romance, School, Seinen. Studio: A-1 Pictures. Rating: 8.61",https://cdn.myanimelist.net/images/anime/1764/106659.jpg
431,Howl no Ugoku Shiro,"Adventure, Award Winning, Drama, Fantasy, Romance","Genres: Adventure, Award Winning, Drama, Fantasy, Romance. Studio: Studio Ghibli. Rating: 8.67",https://cdn.myanimelist.net/images/anime/1470/138723.webp
52991,Sousou no Frieren,"Adventure, Award Winning, Drama, Fantasy, Shounen","Genres: Adventure, Award Winning, Drama, Fantasy, Shounen. Studio: Madhouse. Rating: 9.25",https://cdn.myanimelist.net/images/anime/1015/138006.jpg
5081,Bakemonogatari,"Mystery, Romance, Supernatural, Vampire","Genres: Mystery, Romance, Supernatural, Vampire. Studio: Shaft. Rating: 8.32",https://cdn.myanimelist.net/images/anime/11/75274.webp
6746,Durarara!!,"Action, Mystery, Supernatural","Genres: Action, Mystery, Supernatural. Studio: Brain's Base. Rating: 8.09",https://cdn.myanimelist.net/images/anime/10/71772.webp
35507,Youkoso Jitsuryoku Shijou Shugi no Kyoushitsu e,"Drama, Psychological, School, Suspense","Genres: Drama, Psychological, School, Suspense. Studio: Lerche. Rating: 7.82",https://cdn.myanimelist.net/images/anime/5/86830.jpg
12189,Hyouka,"Mystery, School, Slice of Life","Genres: Mystery, School, Slice of Life. Studio: Kyoto Animation. Rating: 8.04",https://cdn.myanimelist.net/images/anime/13/50521.jpg
14741,Chuunibyou demo Koi ga Shitai!,"Comedy, Romance, School","Genres: Comedy, Romance, School. Studio: Kyoto Animation. Rating: 7.7",https://cdn.myanimelist.net/images/anime/1905/142840.jpg
26243,Owari no Seraph,"Action, Drama, Fantasy, Military, Shounen, Vampire","Genres: Action, Drama, Fantasy, Military, Shounen, Vampire. Studio: Wit Studio. Rating: 7.49",https://cdn.myanimelist.net/images/anime/1879/148979.jpg
51009,Jujutsu Kaisen 2nd Season,"Action, Gore, School, Shounen, Supernatural","Genres: Action, Gore, School, Shounen, Supernatural. Studio: MAPPA. Rating: 8.69",https://cdn.myanimelist.net/images/anime/1792/138022.jpg
9756,Mahou Shoujo Madoka★Magica,"Award Winning, Drama, Mahou Shoujo, Psychological, Suspense","Genres: Award Winning, Drama, Mahou Shoujo, Psychological, Suspense. Studio: Shaft. Rating: 8.39",https://cdn.myanimelist.net/images/anime/11/55225.webp
42249,Tokyo Revengers,"Action, Delinquents, Drama, Shounen, Time Travel","Genres: Action, Delinquents, Drama, Shounen, Time Travel. Studio: LIDENFILMS. Rating: 7.81",https://cdn.myanimelist.net/images/anime/1839/122012.webp
164,Mononoke Hime,"Action, Adventure, Award Winning, Fantasy","Genres: Action, Adventure, Award Winning, Fantasy. Studio: Studio Ghibli. Rating: 8.67",https://cdn.myanimelist.net/images/anime/1355/147277.webp
37520,Dororo,"Action, Adventure, Fantasy, Historical, Mythology, Samurai, Shounen","Genres: Action, Adventure, Fantasy, Historical, Mythology, Samurai, Shounen. Studio: Tezuka Productions, MAPPA. Rating: 8.26",https://cdn.myanimelist.net/images/anime/1879/100467.webp
20899,JoJo no Kimyou na Bouken Part 3: Stardust Crusaders,"Action, Adventure, Shounen, Super Power","Genres: Action, Adventure, Shounen, Super Power. Studio: David Production. Rating: 8.11",https://cdn.myanimelist.net/images/anime/11/55267.webp
41587,Boku no Hero Academia 5th Season,"Action, School, Shounen, Super Power","Genres: Action, School, Shounen, Super Power. Studio: Bones. Rating: 7.35",https://cdn.myanimelist.net/images/anime/1911/113611.webp
205,Samurai Champloo,"Action, Adventure, Comedy, Historical, Samurai","Genres: Action, Adventure, Comedy, Historical, Samurai. Studio: Manglobe. Rating: 8.52",https://cdn.myanimelist.net/images/anime/1370/135212.jpg
48736,Sono Bisque Doll wa Koi wo Suru,"Otaku Culture, Romance, School, Seinen","Genres: Otaku Culture, Romance, School, Seinen. Studio: CloverWorks. Rating: 8.12",https://cdn.myanimelist.net/images/anime/1179/119897.webp
19,Monster,"Adult Cast, Drama, Mystery, Psychological, Seinen, Suspense","Genres: Adult Cast, Drama, Mystery, Psychological, Seinen, Suspense. Studio: Madhouse. Rating: 8.9",https://cdn.myanimelist.net/images/anime/10/18793.jpg
7054,Kaichou wa Maid-sama!,"Comedy, Romance, School, Shoujo","Genres: Comedy, Romance, School, Shoujo. Studio: J.C.Staff. Rating: 7.98",https://cdn.myanimelist.net/images/anime/6/25254.webp
32935,Haikyuu!! Karasuno Koukou vs. Shiratorizawa Gakuen Koukou,"School, Shounen, Sports, Team Sports","Genres: School, Shounen, Sports, Team Sports. Studio: Production I.G. Rating: 8.77",https://cdn.myanimelist.net/images/anime/7/81992.jpg
33206,Kobayashi-san Chi no Maid Dragon,"Slice of Life, Supernatural","Genres: Slice of Life, Supernatural. Studio: Kyoto Animation. Rating: 7.9",https://cdn.myanimelist.net/images/anime/5/85434.jpg
813,Dragon Ball Z,"Action, Adventure, Comedy, Fantasy, Martial Arts, Shounen","Genres: Action, Adventure, Comedy, Fantasy, Martial Arts, Shounen. Studio: Toei Animation. Rating: 8.21",https://cdn.myanimelist.net/images/anime/1277/142022.jpg
13759,Sakura-sou no Pet na Kanojo,"Drama, Romance, School","Genres: Drama, Romance, School. Studio: J.C.Staff. Rating: 8.04",https://cdn.myanimelist.net/images/anime/4/43643.jpg
11771,Kuroko no Basket,"School, Shounen, Sports, Team Sports","Genres: School, Shounen, Sports, Team Sports. Studio: Production I.G. Rating: 8.04",https://cdn.myanimelist.net/images/anime/11/50453.webp
6880,Deadman Wonderland,"Action, Gore, High Stakes Game, Sci-Fi, Shounen, Supernatural, Survival, Suspense","Genres: Action, Gore, High Stakes Game, Sci-Fi, Shounen, Supernatural, Survival, Suspense. Studio: Manglobe. Rating: 7.13",https://cdn.myanimelist.net/images/anime/9/75299.webp
36511,Tokyo Ghoul:re,"Action, Fantasy, Gore, Horror, Psychological, Seinen, Suspense, Urban Fantasy","Genres: Action, Fantasy, Gore, Horror, Psychological, Seinen, Suspense, Urban Fantasy. Studio: Studio Pierrot. Rating: 6.37",https://cdn.myanimelist.net/images/anime/1063/95086.webp
39587,Re:Zero kara Hajimeru Isekai Seikatsu 2nd Season,"Drama, Fantasy, Isekai, Psychological, Suspense, Time Travel","Genres: Drama, Fantasy, Isekai, Psychological, Suspense, Time Travel. Studio: White Fox. Rating: 8.33",https://cdn.myanimelist.net/images/anime/1444/108005.jpg
48561,Jujutsu Kaisen 0 Movie,"Action, School, Shounen, Supernatural","Genres: Action, School, Shounen, Supernatural. Studio: MAPPA. Rating: 8.36",https://cdn.myanimelist.net/images/anime/1121/119044.jpg
4181,Clannad: After Story,"Drama, Romance","Genres: Drama, Romance. Studio: Kyoto Animation. Rating: 8.93",https://cdn.myanimelist.net/images/anime/1299/110774.webp
23283,Zankyou no Terror,"Detective, Mystery, Psychological, Suspense","Genres: Detective, Mystery, Psychological, Suspense. Studio: MAPPA. Rating: 8.08",https://cdn.myanimelist.net/images/anime/1417/117422.jpg
35120,Devilman: Crybaby,"Action, Avant Garde, Gore, Horror, Mythology, Shounen, Supernatural","Genres: Action, Avant Garde, Gore, Horror, Mythology, Shounen, Supernatural. Studio: Science SARU. Rating: 7.74",https://cdn.myanimelist.net/images/anime/2/89973.webp
31933,JoJo no Kimyou na Bouken Part 4: Diamond wa Kudakenai,"Action, Adventure, Shounen, Super Power","Genres: Action, Adventure, Shounen, Super Power. Studio: David Production. Rating: 8.51",https://cdn.myanimelist.net/images/anime/3/79156.jpg
10793,Guilty Crown,"Drama, Mecha, Sci-Fi, Super Power","Genres: Drama, Mecha, Sci-Fi, Super Power. Studio: Production I.G. Rating: 7.39",https://cdn.myanimelist.net/images/anime/1566/133912.webp
4898,Kuroshitsuji,"Action, Historical, Mystery, Mythology, Shounen, Supernatural","Genres: Action, Historical, Mystery, Mythology, Shounen, Supernatural. Studio: A-1 Pictures. Rating: 7.65",https://cdn.myanimelist.net/images/anime/1467/137783.webp
33255,Saiki Kusuo no Ψ-nan,"Comedy, Gag Humor, School, Shounen, Super Power","Genres: Comedy, Gag Humor, School, Shounen, Super Power. Studio: J.C.Staff, Egg Firm. Rating: 8.41",https://cdn.myanimelist.net/images/anime/1973/142750.jpg
26055,JoJo no Kimyou na Bouken Part 3: Stardust Crusaders - Egypt-hen,"Action, Adventure, Shounen, Super Power","Genres: Action, Adventure, Shounen, Super Power. Studio: David Production. Rating: 8.44",https://cdn.myanimelist.net/images/anime/11/75045.jpg
18897,Nisekoi,"Comedy, Harem, Romance, School, Shounen","Genres: Comedy, Harem, Romance, School, Shounen. Studio: Shaft. Rating: 7.55",https://cdn.myanimelist.net/images/anime/13/75587.jpg
18153,Kyoukai no Kanata,"Action, School, Supernatural","Genres: Action, School, Supernatural. Studio: Kyoto Animation. Rating: 7.71",https://cdn.myanimelist.net/images/anime/3/85468.webp
37349,Goblin Slayer,"Action, Adventure, Fantasy, Gore","Genres: Action, Adventure, Fantasy, Gore. Studio: White Fox. Rating: 7.41",https://cdn.myanimelist.net/images/anime/1719/95621.webp
853,Ouran Koukou Host Club,"Comedy, Crossdressing, Reverse Harem, Romance, School, Shoujo","Genres: Comedy, Crossdressing, Reverse Harem, Romance, School, Shoujo. Studio: Bones. Rating: 8.16",https://cdn.myanimelist.net/images/anime/2/71992.jpg
40852,Dr. Stone: Stone Wars,"Adventure, Comedy, Shounen","Genres: Adventure, Comedy, Shounen. Studio: TMS Entertainment. Rating: 8.15",https://cdn.myanimelist.net/images/anime/1711/110614.jpg
34577,Nanatsu no Taizai: Imashime no Fukkatsu,"Action, Adventure, Fantasy, Shounen","Genres: Action, Adventure, Fantasy, Shounen. Studio: A-1 Pictures. Rating: 7.52",https://cdn.myanimelist.net/images/anime/11/90089.webp
32282,Shokugeki no Souma: Ni no Sara,"Ecchi, Gourmet, School, Shounen","Genres: Ecchi, Gourmet, School, Shounen. Studio: J.C.Staff. Rating: 8.05",https://cdn.myanimelist.net/images/anime/8/79353.webp
11741,Fate/Zero 2nd Season,"Action, Fantasy, Urban Fantasy","Genres: Action, Fantasy, Urban Fantasy. Studio: ufotable. Rating: 8.53",https://cdn.myanimelist.net/images/anime/1522/117645.webp
37991,JoJo no Kimyou na Bouken Part 5: Ougon no Kaze,"Action, Adventure, Organized Crime, Shounen, Super Power","Genres: Action, Adventure, Organized Crime, Shounen, Super Power. Studio: David Production. Rating: 8.58",https://cdn.myanimelist.net/images/anime/1882/94989.jpg
17265,Log Horizon,"Action, Adult Cast, Adventure, Fantasy, Video Game","Genres: Action, Adult Cast, Adventure, Fantasy, Video Game. Studio: Satelight. Rating: 7.89",https://cdn.myanimelist.net/images/anime/5/84004.jpg
22297,Fate/stay night: Unlimited Blade Works,"Action, Fantasy, Urban Fantasy","Genres: Action, Fantasy, Urban Fantasy. Studio: ufotable. Rating: 8.18",https://cdn.myanimelist.net/images/anime/12/67333.jpg
14227,Tonari no Kaibutsu-kun,"Comedy, Romance, School, Shoujo","Genres: Comedy, Romance, School, Shoujo. Studio: Brain's Base. Rating: 7.45",https://cdn.myanimelist.net/images/anime/4/39779.jpg
52299,Ore dake Level Up na Ken,"Action, Adult Cast, Adventure, Fantasy, Urban Fantasy","Genres: Action, Adult Cast, Adventure, Fantasy, Urban Fantasy. Studio: A-1 Pictures. Rating: 8.14",https://cdn.myanimelist.net/images/anime/1801/142390.jpg
523,Tonari no Totoro,"Adventure, Award Winning, Supernatural","Genres: Adventure, Award Winning, Supernatural. Studio: Studio Ghibli. Rating: 8.25",https://cdn.myanimelist.net/images/anime/1110/147278.jpg
23847,Yahari Ore no Seishun Love Comedy wa Machigatteiru. Zoku,"Comedy, Love Polygon, Romance, School","Genres: Comedy, Love Polygon, Romance, School. Studio: feel.. Rating: 8.2",https://cdn.myanimelist.net/images/anime/11/75376.jpg
918,Gintama,"Action, Comedy, Gag Humor, Historical, Parody, Samurai, Sci-Fi, Shounen","Genres: Action, Comedy, Gag Humor, Historical, Parody, Samurai, Sci-Fi, Shounen. Studio: Sunrise. Rating: 8.93",https://cdn.myanimelist.net/images/anime/10/73274.jpg
20785,Mahouka Koukou no Rettousei,"Action, Fantasy, Romance, School, Sci-Fi, Urban Fantasy","Genres: Action, Fantasy, Romance, School, Sci-Fi, Urban Fantasy. Studio: Madhouse. Rating: 7.36",https://cdn.myanimelist.net/images/anime/11/61039.webp
50602,Spy x Family Part 2,"Action, Childcare, Comedy, Shounen, Super Power","Genres: Action, Childcare, Comedy, Shounen, Super Power. Studio: Wit Studio, CloverWorks. Rating: 8.19",https://cdn.myanimelist.net/images/anime/1111/127508.jpg
36474,Sword Art Online: Alicization,"Action, Adventure, Fantasy, Video Game","Genres: Action, Adventure, Fantasy, Video Game. Studio: A-1 Pictures. Rating: 7.58",https://cdn.myanimelist.net/images/anime/1993/93837.webp
30015,ReLIFE,"Drama, Romance, School","Genres: Drama, Romance, School. Studio: TMS Entertainment. Rating: 7.96",https://cdn.myanimelist.net/images/anime/3/82149.jpg
45576,Mushoku Tensei: Isekai Ittara Honki Dasu Part 2,"Adventure, Drama, Ecchi, Fantasy, Isekai, Reincarnation","Genres: Adventure, Drama, Ecchi, Fantasy, Isekai, Reincarnation. Studio: Studio Bind. Rating: 8.59",https://cdn.myanimelist.net/images/anime/1028/117777.webp
223,Dragon Ball,"Action, Adventure, Comedy, Fantasy, Martial Arts, Shounen","Genres: Action, Adventure, Comedy, Fantasy, Martial Arts, Shounen. Studio: Toei Animation. Rating: 7.98",https://cdn.myanimelist.net/images/anime/1887/92364.webp
17895,Golden Time,"Adult Cast, Drama, Love Polygon, Romance","Genres: Adult Cast, Drama, Love Polygon, Romance. Studio: J.C.Staff. Rating: 7.74",https://cdn.myanimelist.net/images/anime/12/52091.jpg
38826,Tenki no Ko,"Award Winning, Drama, Romance, Supernatural","Genres: Award Winning, Drama, Romance, Supernatural. Studio: CoMix Wave Films. Rating: 8.27",https://cdn.myanimelist.net/images/anime/1880/101146.webp
51019,Kimetsu no Yaiba: Katanakaji no Sato-hen,"Action, Historical, Shounen, Supernatural","Genres: Action, Historical, Shounen, Supernatural. Studio: ufotable. Rating: 8.14",https://cdn.myanimelist.net/images/anime/1765/135099.jpg
35073,Overlord II,"Action, Adventure, Fantasy, Isekai","Genres: Action, Adventure, Fantasy, Isekai. Studio: Madhouse. Rating: 7.75",https://cdn.myanimelist.net/images/anime/1212/113415.jpg
5680,K-On!,"CGDCT, Comedy, Music, School","Genres: CGDCT, Comedy, Music, School. Studio: Kyoto Animation. Rating: 7.87",https://cdn.myanimelist.net/images/anime/10/76120.jpg
36098,Kimi no Suizou wo Tabetai,"Drama, Romance, School","Genres: Drama, Romance, School. Studio: Studio VOLN. Rating: 8.56",https://cdn.myanimelist.net/images/anime/1768/93291.webp
39551,Tensei shitara Slime Datta Ken 2nd Season,"Action, Comedy, Fantasy, Isekai, Reincarnation, Shounen","Genres: Action, Comedy, Fantasy, Isekai, Reincarnation, Shounen. Studio: 8bit. Rating: 8.33",https://cdn.myanimelist.net/images/anime/1271/109841.webp
43608,Kaguya-sama wa Kokurasetai: Ultra Romantic,"Comedy, Romance, School, Seinen","Genres: Comedy, Romance, School, Seinen. Studio: A-1 Pictures. Rating: 8.95",https://cdn.myanimelist.net/images/anime/1160/122627.webp
14513,Magi: The Labyrinth of Magic,"Action, Adventure, Fantasy, Shounen","Genres: Action, Adventure, Fantasy, Shounen. Studio: A-1 Pictures. Rating: 8.0",https://cdn.myanimelist.net/images/anime/11/42773.jpg
15583,Date A Live,"Action, Fantasy, Harem, Romance, School, Sci-Fi, Urban Fantasy","Genres: Action, Fantasy, Harem, Romance, School, Sci-Fi, Urban Fantasy. Studio: AIC PLUS+. Rating: 7.14",https://cdn.myanimelist.net/images/anime/13/44844.webp
889,Black Lagoon,"Action, Adult Cast, Organized Crime, Seinen","Genres: Action, Adult Cast, Organized Crime, Seinen. Studio: Madhouse. Rating: 8.04",https://cdn.myanimelist.net/images/anime/1906/121592.jpg
35968,Wotaku ni Koi wa Muzukashii,"Adult Cast, Comedy, Otaku Culture, Romance, Workplace","Genres: Adult Cast, Comedy, Otaku Culture, Romance, Workplace. Studio: A-1 Pictures. Rating: 7.91",https://cdn.myanimelist.net/images/anime/1864/93518.webp
30240,Prison School,"Comedy, Ecchi, Gag Humor, School, Seinen","Genres: Comedy, Ecchi, Gag Humor, School, Seinen. Studio: J.C.Staff. Rating: 7.58",https://cdn.myanimelist.net/images/anime/1286/112161.webp
42310,Cyberpunk: Edgerunners,"Action, Gore, Organized Crime, Sci-Fi","Genres: Action, Gore, Organized Crime, Sci-Fi. Studio: Trigger. Rating: 8.62",https://cdn.myanimelist.net/images/anime/1818/126435.jpg
42203,Re:Zero kara Hajimeru Isekai Seikatsu 2nd Season Part 2,"Drama, Fantasy, Isekai, Psychological, Suspense, Time Travel","Genres: Drama, Fantasy, Isekai, Psychological, Suspense, Time Travel. Studio: White Fox. Rating: 8.42",https://cdn.myanimelist.net/images/anime/1724/117421.webp
40839,"Kanojo, Okarishimasu","Adult Cast, Comedy, Harem, Romance, Shounen","Genres: Adult Cast, Comedy, Harem, Romance, Shounen. Studio: TMS Entertainment. Rating: 6.81",https://cdn.myanimelist.net/images/anime/1902/128382.webp
38101,5-toubun no Hanayome,"Comedy, Harem, Romance, School, Shounen","Genres: Comedy, Harem, Romance, School, Shounen. Studio: Tezuka Productions. Rating: 7.63",https://cdn.myanimelist.net/images/anime/1819/97947.webp
6045,Kimi ni Todoke,"Drama, Romance, School, Shoujo","Genres: Drama, Romance, School, Shoujo. Studio: Production I.G. Rating: 8.01",https://cdn.myanimelist.net/images/anime/1502/124384.jpg
22043,Fairy Tail (2014),"Action, Adventure, Fantasy, Shounen","Genres: Action, Adventure, Fantasy, Shounen. Studio: A-1 Pictures, Bridge. Rating: 7.66",https://cdn.myanimelist.net/images/anime/3/60551.webp
40221,Kami no Tou,"Action, Adventure, Drama, Fantasy, Mystery","Genres: Action, Adventure, Drama, Fantasy, Mystery. Studio: Telecom Animation Film. Rating: 7.55",https://cdn.myanimelist.net/images/anime/1702/106229.jpg
52034,[Oshi no Ko],"Award Winning, Drama, Reincarnation, Seinen, Showbiz","Genres: Award Winning, Drama, Reincarnation, Seinen, Showbiz. Studio: Doga Kobo. Rating: 8.53",https://cdn.myanimelist.net/images/anime/1812/134736.jpg
32615,Youjo Senki,"Action, Fantasy, Isekai, Military, Reincarnation","Genres: Action, Fantasy, Isekai, Military, Reincarnation. Studio: Nut. Rating: 7.96",https://cdn.myanimelist.net/images/anime/5/82890.webp
38883,Haikyuu!! To the Top,"School, Shounen, Sports, Team Sports","Genres: School, Shounen, Sports, Team Sports. Studio: Production I.G. Rating: 8.37",https://cdn.myanimelist.net/images/anime/1813/105367.webp
32,"Shinseiki Evangelion Movie: Air/Magokoro wo, Kimi ni","Avant Garde, Drama, Mecha, Psychological, Sci-Fi, Suspense","Genres: Avant Garde, Drama, Mecha, Psychological, Sci-Fi, Suspense. Studio: Gainax, Production I.G. Rating: 8.57",https://cdn.myanimelist.net/images/anime/1404/98182.webp
35788,Shokugeki no Souma: San no Sara,"Ecchi, Gourmet, School, Shounen","Genres: Ecchi, Gourmet, School, Shounen. Studio: J.C.Staff. Rating: 7.97",https://cdn.myanimelist.net/images/anime/3/88434.webp
30296,Rakudai Kishi no Cavalry,"Action, Ecchi, Fantasy, Romance, School, Urban Fantasy","Genres: Action, Ecchi, Fantasy, Romance, School, Urban Fantasy. Studio: SILVER LINK., Nexus. Rating: 7.41",https://cdn.myanimelist.net/images/anime/9/76493.jpg
27775,Plastic Memories,"Drama, Romance, Sci-Fi","Genres: Drama, Romance, Sci-Fi. Studio: Doga Kobo. Rating: 7.92",https://cdn.myanimelist.net/images/anime/4/72750.webp
777,Hellsing Ultimate,"Action, Adult Cast, Gore, Horror, Military, Seinen, Supernatural, Vampire","Genres: Action, Adult Cast, Gore, Horror, Military, Seinen, Supernatural, Vampire. Studio: Madhouse, Satelight, Graphinica. Rating: 8.34",https://cdn.myanimelist.net/images/anime/1012/143965.webp
48926,"Komi-san wa, Comyushou desu.","Comedy, School, Shounen","Genres: Comedy, School, Shounen. Studio: OLM. Rating: 7.77",https://cdn.myanimelist.net/images/anime/1899/117237.jpg
35062,Mahoutsukai no Yome,"Drama, Fantasy, Mythology, Romance, Shounen, Urban Fantasy","Genres: Drama, Fantasy, Mythology, Romance, Shounen, Urban Fantasy. Studio: Wit Studio. Rating: 8.05",https://cdn.myanimelist.net/images/anime/3/88476.webp
21995,Ao Haru Ride,"Love Polygon, Romance, School, Shoujo","Genres: Love Polygon, Romance, School, Shoujo. Studio: Production I.G. Rating: 7.63",https://cdn.myanimelist.net/images/anime/8/64813.webp
37675,Overlord III,"Action, Adventure, Fantasy, Isekai","Genres: Action, Adventure, Fantasy, Isekai. Studio: Madhouse. Rating: 7.91",https://cdn.myanimelist.net/images/anime/1511/93473.webp
1689,Byousoku 5 Centimeter,"Drama, Romance","Genres: Drama, Romance. Studio: CoMix Wave Films. Rating: 7.55",https://cdn.myanimelist.net/images/anime/1410/112994.webp
57334,Dandadan,"Action, Comedy, Shounen, Supernatural","Genres: Action, Comedy, Shounen, Supernatural. Studio: Science SARU. Rating: 8.39",https://cdn.myanimelist.net/images/anime/1584/143719.webp
16592,Danganronpa: Kibou no Gakuen to Zetsubou no Koukousei The Animation,"High Stakes Game, Horror, Mystery, Psychological, School, Survival, Suspense","Genres: High Stakes Game, Horror, Mystery, Psychological, School, Survival, Suspense. Studio: Lerche. Rating: 7.19",https://cdn.myanimelist.net/images/anime/4/51463.jpg
2025,Darker than Black: Kuro no Keiyakusha,"Action, Mystery, Super Power","Genres: Action, Mystery, Super Power. Studio: Bones. Rating: 8.04",https://cdn.myanimelist.net/images/anime/5/19570.jpg
41025,Fumetsu no Anata e,"Adventure, Drama, Shounen, Supernatural","Genres: Adventure, Drama, Shounen, Supernatural. Studio: Brain's Base. Rating: 8.35",https://cdn.myanimelist.net/images/anime/1880/118484.jpg
41353,The God of High School,"Action, Fantasy, Martial Arts, Urban Fantasy","Genres: Action, Fantasy, Martial Arts, Urban Fantasy. Studio: MAPPA. Rating: 7.07",https://cdn.myanimelist.net/images/anime/1722/107269.webp
356,Fate/stay night,"Action, Fantasy, Romance, Urban Fantasy","Genres: Action, Fantasy, Romance, Urban Fantasy. Studio: Studio Deen. Rating: 7.27",https://cdn.myanimelist.net/images/anime/4/30327.jpg
39617,Yakusoku no Neverland 2nd Season,"Mystery, Psychological, Shounen, Survival, Suspense","Genres: Mystery, Psychological, Shounen, Survival, Suspense. Studio: CloverWorks. Rating: 5.24",https://cdn.myanimelist.net/images/anime/1815/110626.webp
23289,Gekkan Shoujo Nozaki-kun,"Comedy, Otaku Culture, Romance, School","Genres: Comedy, Otaku Culture, Romance, School. Studio: Doga Kobo. Rating: 7.81",https://cdn.myanimelist.net/images/anime/5/66083.jpg
49926,Kimetsu no Yaiba: Mugen Ressha-hen,"Action, Historical, Shounen, Supernatural","Genres: Action, Historical, Shounen, Supernatural. Studio: ufotable. Rating: 8.33",https://cdn.myanimelist.net/images/anime/1065/118763.jpg
37799,Tokyo Ghoul:re 2nd Season,"Action, Fantasy, Gore, Horror, Psychological, Seinen, Suspense, Urban Fantasy","Genres: Action, Fantasy, Gore, Horror, Psychological, Seinen, Suspense, Urban Fantasy. Studio: Studio Pierrot. Rating: 6.47",https://cdn.myanimelist.net/images/anime/1545/121995.webp
41457,86,"Drama, Mecha, Military, Sci-Fi","Genres: Drama, Mecha, Military, Sci-Fi. Studio: A-1 Pictures. Rating: 8.35",https://cdn.myanimelist.net/images/anime/1987/117507.jpg
10165,Nichijou,"Comedy, Gag Humor, School, Shounen","Genres: Comedy, Gag Humor, School, Shounen. Studio: Kyoto Animation. Rating: 8.47",https://cdn.myanimelist.net/images/anime/3/75617.webp
849,Suzumiya Haruhi no Yuuutsu,"Award Winning, Comedy, Mystery, School, Sci-Fi","Genres: Award Winning, Comedy, Mystery, School, Sci-Fi. Studio: Kyoto Animation. Rating: 7.82",https://cdn.myanimelist.net/images/anime/1470/137929.webp
33487,Masamune-kun no Revenge,"Comedy, Harem, Romance, School, Shounen","Genres: Comedy, Harem, Romance, School, Shounen. Studio: SILVER LINK.. Rating: 6.75",https://cdn.myanimelist.net/images/anime/12/83709.webp
46569,Jigokuraku,"Action, Adventure, Gore, Historical, Samurai, Shounen, Supernatural","Genres: Action, Adventure, Gore, Historical, Samurai, Shounen, Supernatural. Studio: MAPPA. Rating: 8.08",https://cdn.myanimelist.net/images/anime/1075/131925.jpg
15451,High School DxD New,"Action, Comedy, Ecchi, Harem, Mythology, Romance, School, Supernatural","Genres: Action, Comedy, Ecchi, Harem, Mythology, Romance, School, Supernatural. Studio: TNK. Rating: 7.46",https://cdn.myanimelist.net/images/anime/12/47729.jpg
36649,Banana Fish,"Action, Adventure, Delinquents, Drama, Organized Crime, Psychological, Shoujo, Suspense","Genres: Action, Adventure, Delinquents, Drama, Organized Crime, Psychological, Shoujo, Suspense. Studio: MAPPA. Rating: 8.45",https://cdn.myanimelist.net/images/anime/1190/93472.webp
20787,Black Bullet,"Action, Mystery, Sci-Fi","Genres: Action, Mystery, Sci-Fi. Studio: Kinema Citrus, Orange. Rating: 7.07",https://cdn.myanimelist.net/images/anime/1292/94693.jpg
39195,Beastars,"Anthropomorphic, Drama, Psychological, School, Shounen, Suspense","Genres: Anthropomorphic, Drama, Psychological, School, Shounen, Suspense. Studio: Orange. Rating: 7.78",https://cdn.myanimelist.net/images/anime/1713/145599.webp
47,Akira,"Action, Gore, Horror, Sci-Fi, Seinen, Super Power","Genres: Action, Gore, Horror, Sci-Fi, Seinen, Super Power. Studio: Tokyo Movie Shinsha. Rating: 8.16",https://cdn.myanimelist.net/images/anime/1408/114012.jpg
30484,Steins;Gate 0,"Drama, Sci-Fi, Suspense, Time Travel","Genres: Drama, Sci-Fi, Suspense, Time Travel. Studio: White Fox. Rating: 8.56",https://cdn.myanimelist.net/images/anime/1375/93521.jpg
2251,Baccano!,"Action, Adult Cast, Historical, Mystery, Organized Crime, Supernatural","Genres: Action, Adult Cast, Historical, Mystery, Organized Crime, Supernatural. Studio: Brain's Base. Rating: 8.34",https://cdn.myanimelist.net/images/anime/3/14547.webp
32867,Bungou Stray Dogs 2nd Season,"Action, Adult Cast, Detective, Mystery, Organized Crime, Seinen, Super Power","Genres: Action, Adult Cast, Detective, Mystery, Organized Crime, Seinen, Super Power. Studio: Bones. Rating: 8.16",https://cdn.myanimelist.net/images/anime/1572/133096.webp
32995,Yuri!!! on Ice,"Award Winning, Performing Arts, Sports","Genres: Award Winning, Performing Arts, Sports. Studio: MAPPA. Rating: 7.9",https://cdn.myanimelist.net/images/anime/6/81149.jpg
38680,Fruits Basket 1st Season,"Drama, Love Polygon, Romance, School, Shoujo, Supernatural","Genres: Drama, Love Polygon, Romance, School, Shoujo, Supernatural. Studio: TMS Entertainment. Rating: 8.2",https://cdn.myanimelist.net/images/anime/1447/99827.jpg
33674,No Game No Life: Zero,"Drama, Fantasy, Isekai, Romance","Genres: Drama, Fantasy, Isekai, Romance. Studio: Madhouse. Rating: 8.16",https://cdn.myanimelist.net/images/anime/1085/90759.jpg
24439,Kekkai Sensen,"Action, Fantasy, Shounen, Super Power, Urban Fantasy, Vampire","Genres: Action, Fantasy, Shounen, Super Power, Urban Fantasy, Vampire. Studio: Bones. Rating: 7.59",https://cdn.myanimelist.net/images/anime/1449/142053.webp
25013,Akatsuki no Yona,"Adventure, Fantasy, Romance, Shoujo","Genres: Adventure, Fantasy, Romance, Shoujo. Studio: Studio Pierrot. Rating: 8.04",https://cdn.myanimelist.net/images/anime/9/64225.webp
16782,Kotonoha no Niwa,"Award Winning, Drama, Romance, Visual Arts","Genres: Award Winning, Drama, Romance, Visual Arts. Studio: CoMix Wave Films. Rating: 7.85",https://cdn.myanimelist.net/images/anime/1597/112995.jpg
40776,Haikyuu!! To the Top Part 2,"School, Shounen, Sports, Team Sports","Genres: School, Shounen, Sports, Team Sports. Studio: Production I.G. Rating: 8.56",https://cdn.myanimelist.net/images/anime/1453/106768.webp
34566,Boruto: Naruto Next Generations,"Action, Adventure, Fantasy, Martial Arts, Shounen","Genres: Action, Adventure, Fantasy, Martial Arts, Shounen. Studio: Studio Pierrot. Rating: 5.97",https://cdn.myanimelist.net/images/anime/1091/99847.webp
16894,Kuroko no Basket 2nd Season,"School, Shounen, Sports, Team Sports","Genres: School, Shounen, Sports, Team Sports. Studio: Production I.G. Rating: 8.2",https://cdn.myanimelist.net/images/anime/9/56155.webp
40956,Enen no Shouboutai: Ni no Shou,"Action, Fantasy, Sci-Fi, Shounen, Urban Fantasy","Genres: Action, Fantasy, Sci-Fi, Shounen, Urban Fantasy. Studio: David Production. Rating: 7.82",https://cdn.myanimelist.net/images/anime/1673/107657.webp
41487,Tensei shitara Slime Datta Ken 2nd Season Part 2,"Action, Comedy, Fantasy, Isekai, Reincarnation, Shounen","Genres: Action, Comedy, Fantasy, Isekai, Reincarnation, Shounen. Studio: 8bit. Rating: 8.29",https://cdn.myanimelist.net/images/anime/1033/118296.jpg
245,Great Teacher Onizuka,"Comedy, Delinquents, School, Shounen, Workplace","Genres: Comedy, Delinquents, School, Shounen, Workplace. Studio: Studio Pierrot. Rating: 8.68",https://cdn.myanimelist.net/images/anime/13/11460.webp
28701,Fate/stay night: Unlimited Blade Works 2nd Season,"Action, Fantasy, Urban Fantasy","Genres: Action, Fantasy, Urban Fantasy. Studio: ufotable. Rating: 8.32",https://cdn.myanimelist.net/images/anime/1881/124810.webp
30694,Dragon Ball Super,"Action, Adventure, Comedy, Fantasy, Martial Arts, Shounen","Genres: Action, Adventure, Comedy, Fantasy, Martial Arts, Shounen. Studio: Toei Animation. Rating: 7.47",https://cdn.myanimelist.net/images/anime/7/74606.webp
37105,Grand Blue,"Adult Cast, Comedy, Gag Humor, Seinen","Genres: Adult Cast, Comedy, Gag Humor, Seinen. Studio: Zero-G. Rating: 8.45",https://cdn.myanimelist.net/images/anime/1302/94882.webp
49596,Blue Lock,"Shounen, Sports, Team Sports","Genres: Shounen, Sports, Team Sports. Studio: 8bit. Rating: 8.09",https://cdn.myanimelist.net/images/anime/1258/126929.jpg
339,Serial Experiments Lain,"Avant Garde, Award Winning, Drama, Mystery, Psychological, Sci-Fi, Supernatural, Suspense","Genres: Avant Garde, Award Winning, Drama, Mystery, Psychological, Sci-Fi, Supernatural, Suspense. Studio: Triangle Staff. Rating: 8.1",https://cdn.myanimelist.net/images/anime/1718/91550.jpg
40496,"Maou Gakuin no Futekigousha: Shijou Saikyou no Maou no Shiso, Tensei shite Shison-tachi no Gakkou e Kayou","Action, Fantasy, Reincarnation, School","Genres: Action, Fantasy, Reincarnation, School. Studio: SILVER LINK.. Rating: 7.3",https://cdn.myanimelist.net/images/anime/1126/108573.jpg
457,Mushishi,"Adult Cast, Adventure, Historical, Iyashikei, Mystery, Seinen, Slice of Life, Supernatural","Genres: Adult Cast, Adventure, Historical, Iyashikei, Mystery, Seinen, Slice of Life, Supernatural. Studio: Artland. Rating: 8.65",https://cdn.myanimelist.net/images/anime/2/73862.jpg
37347,Dungeon ni Deai wo Motomeru no wa Machigatteiru Darou ka II,"Action, Adventure, Fantasy","Genres: Action, Adventure, Fantasy. Studio: J.C.Staff. Rating: 7.24",https://cdn.myanimelist.net/images/anime/1730/101329.webp
14345,Btooom!,"Action, Gore, High Stakes Game, Psychological, Seinen, Survival, Suspense","Genres: Action, Gore, High Stakes Game, Psychological, Seinen, Survival, Suspense. Studio: Madhouse. Rating: 7.26",https://cdn.myanimelist.net/images/anime/4/40977.webp
25157,Trinity Seven,"Action, Comedy, Ecchi, Fantasy, Harem, Romance, School, Shounen","Genres: Action, Comedy, Ecchi, Fantasy, Harem, Romance, School, Shounen. Studio: Seven Arcs Pictures. Rating: 7.02",https://cdn.myanimelist.net/images/anime/12/67795.jpg
32729,Orange,"Drama, Love Polygon, Romance, School, Sci-Fi, Shoujo, Time Travel","Genres: Drama, Love Polygon, Romance, School, Sci-Fi, Shoujo, Time Travel. Studio: Telecom Animation Film. Rating: 7.63",https://cdn.myanimelist.net/images/anime/1415/102477.webp
227,FLCL,"Avant Garde, Comedy, Mecha, Parody, Psychological, Sci-Fi, Suspense","Genres: Avant Garde, Comedy, Mecha, Parody, Psychological, Sci-Fi, Suspense. Studio: Gainax, Production I.G. Rating: 8.04",https://cdn.myanimelist.net/images/anime/7/77356.jpg
18115,Magi: The Kingdom of Magic,"Action, Adventure, Fantasy, Shounen","Genres: Action, Adventure, Fantasy, Shounen. Studio: A-1 Pictures. Rating: 8.2",https://cdn.myanimelist.net/images/anime/13/55039.webp
38040,Kono Subarashii Sekai ni Shukufuku wo! Movie: Kurenai Densetsu,"Adventure, Comedy, Fantasy, Isekai, Parody","Genres: Adventure, Comedy, Fantasy, Isekai, Parody. Studio: J.C.Staff. Rating: 8.4",https://cdn.myanimelist.net/images/anime/1638/119321.webp
42361,"Ijiranaide, Nagatoro-san","Comedy, Love Status Quo, Romance, School","Genres: Comedy, Love Status Quo, Romance, School. Studio: Telecom Animation Film. Rating: 7.16",https://cdn.myanimelist.net/images/anime/1900/110097.jpg
28907,"Gate: Jieitai Kanochi nite, Kaku Tatakaeri","Action, Adventure, Fantasy, Isekai, Military","Genres: Action, Adventure, Fantasy, Isekai, Military. Studio: A-1 Pictures. Rating: 7.67",https://cdn.myanimelist.net/images/anime/8/76222.jpg
11887,Kokoro Connect,"Drama, Love Polygon, Romance, School, Supernatural","Genres: Drama, Love Polygon, Romance, School, Supernatural. Studio: SILVER LINK.. Rating: 7.72",https://cdn.myanimelist.net/images/anime/2/39665.webp
11843,Danshi Koukousei no Nichijou,"Comedy, Gag Humor, School","Genres: Comedy, Gag Humor, School. Studio: Sunrise. Rating: 8.22",https://cdn.myanimelist.net/images/anime/3/33257.jpg
28623,Koutetsujou no Kabaneri,"Action, Fantasy, Gore, Historical, Horror, Survival, Suspense","Genres: Action, Fantasy, Gore, Historical, Horror, Survival, Suspense. Studio: Wit Studio. Rating: 7.29",https://cdn.myanimelist.net/images/anime/12/79164.webp
48316,Kage no Jitsuryokusha ni Naritakute!,"Action, Comedy, Fantasy, Isekai, Reincarnation","Genres: Action, Comedy, Fantasy, Isekai, Reincarnation. Studio: Nexus. Rating: 8.21",https://cdn.myanimelist.net/images/anime/1091/128729.webp
51535,Shingeki no Kyojin: The Final Season - Kanketsu-hen,"Action, Drama, Gore, Military, Shounen, Survival, Suspense","Genres: Action, Drama, Gore, Military, Shounen, Survival, Suspense. Studio: MAPPA. Rating: 8.86",https://cdn.myanimelist.net/images/anime/1279/131078.webp
29786,Shimoneta to Iu Gainen ga Sonzai Shinai Taikutsu na Sekai,"Comedy, Ecchi, Gag Humor, School","Genres: Comedy, Ecchi, Gag Humor, School. Studio: J.C.Staff. Rating: 7.2",https://cdn.myanimelist.net/images/anime/6/75106.jpg
54492,Kusuriya no Hitorigoto,"Drama, Historical, Medical, Mystery","Genres: Drama, Historical, Medical, Mystery. Studio: OLM, TOHO animation STUDIO. Rating: 8.84",https://cdn.myanimelist.net/images/anime/1708/138033.webp
49387,Vinland Saga Season 2,"Action, Adventure, Drama, Gore, Historical, Seinen","Genres: Action, Adventure, Drama, Gore, Historical, Seinen. Studio: MAPPA. Rating: 8.83",https://cdn.myanimelist.net/images/anime/1170/124312.jpg
10408,Hotarubi no Mori e,"Award Winning, Drama, Romance, Shoujo, Supernatural","Genres: Award Winning, Drama, Romance, Shoujo, Supernatural. Studio: Brain's Base. Rating: 8.26",https://cdn.myanimelist.net/images/anime/1599/112267.webp
50172,Mob Psycho 100 III,"Action, Comedy, Supernatural","Genres: Action, Comedy, Supernatural. Studio: Bones. Rating: 8.72",https://cdn.myanimelist.net/images/anime/1228/125011.webp
40356,Tate no Yuusha no Nariagari Season 2,"Action, Adventure, Drama, Fantasy, Isekai","Genres: Action, Adventure, Drama, Fantasy, Isekai. Studio: Kinema Citrus, DR Movie. Rating: 6.53",https://cdn.myanimelist.net/images/anime/1143/121873.webp
2966,Ookami to Koushinryou,"Adult Cast, Adventure, Drama, Romance, Supernatural","Genres: Adult Cast, Adventure, Drama, Romance, Supernatural. Studio: Imagin. Rating: 8.21",https://cdn.myanimelist.net/images/anime/5/59401.webp
1195,Zero no Tsukaima,"Action, Adventure, Comedy, Ecchi, Fantasy, Harem, Isekai, Romance, School","Genres: Action, Adventure, Comedy, Ecchi, Fantasy, Harem, Isekai, Romance, School. Studio: J.C.Staff. Rating: 7.2",https://cdn.myanimelist.net/images/anime/8/20680.webp
12355,Ookami Kodomo no Ame to Yuki,"Award Winning, Childcare, Slice of Life, Supernatural","Genres: Award Winning, Childcare, Slice of Life, Supernatural. Studio: Studio Chizu. Rating: 8.56",https://cdn.myanimelist.net/images/anime/9/35721.webp
4654,Toaru Majutsu no Index,"Action, Fantasy, Sci-Fi, Super Power, Urban Fantasy","Genres: Action, Fantasy, Sci-Fi, Super Power, Urban Fantasy. Studio: J.C.Staff. Rating: 7.33",https://cdn.myanimelist.net/images/anime/2/75533.jpg
249,InuYasha,"Action, Adventure, Fantasy, Historical, Love Polygon, Mythology, Romance, Shounen, Time Travel","Genres: Action, Adventure, Fantasy, Historical, Love Polygon, Mythology, Romance, Shounen, Time Travel. Studio: Sunrise. Rating: 7.88",https://cdn.myanimelist.net/images/anime/1589/95329.jpg
934,Higurashi no Naku Koro ni,"Gore, Horror, Mystery, Psychological, Suspense","Genres: Gore, Horror, Mystery, Psychological, Suspense. Studio: Studio Deen. Rating: 7.87",https://cdn.myanimelist.net/images/anime/12/19634.webp
28677,Yamada-kun to 7-nin no Majo,"Comedy, Harem, Mystery, Romance, School, Shounen, Supernatural","Genres: Comedy, Harem, Mystery, Romance, School, Shounen, Supernatural. Studio: LIDENFILMS. Rating: 7.51",https://cdn.myanimelist.net/images/anime/2/73700.jpg
28927,Owari no Seraph: Nagoya Kessen-hen,"Action, Drama, Fantasy, Military, Shounen, Vampire","Genres: Action, Drama, Fantasy, Military, Shounen, Vampire. Studio: Wit Studio. Rating: 7.61",https://cdn.myanimelist.net/images/anime/9/76632.webp
10719,Boku wa Tomodachi ga Sukunai,"Comedy, Ecchi, Harem, Romance, School","Genres: Comedy, Ecchi, Harem, Romance, School. Studio: AIC Build. Rating: 7.13",https://cdn.myanimelist.net/images/anime/8/32873.jpg
24703,High School DxD BorN,"Action, Comedy, Ecchi, Harem, Mythology, Romance, School, Supernatural","Genres: Action, Comedy, Ecchi, Harem, Mythology, Romance, School, Supernatural. Studio: TNK. Rating: 7.41",https://cdn.myanimelist.net/images/anime/12/73642.webp
39597,Sword Art Online: Alicization - War of Underworld,"Action, Adventure, Fantasy, Video Game","Genres: Action, Adventure, Fantasy, Video Game. Studio: A-1 Pictures. Rating: 7.59",https://cdn.myanimelist.net/images/anime/1630/103417.webp
41389,Tonikaku Kawaii,"Comedy, Romance, Shounen","Genres: Comedy, Romance, Shounen. Studio: Seven Arcs. Rating: 7.84",https://cdn.myanimelist.net/images/anime/1613/108722.jpg
18507,Free!,"School, Sports","Genres: School, Sports. Studio: Kyoto Animation, Animation Do. Rating: 7.32",https://cdn.myanimelist.net/images/anime/6/51107.webp
1210,NHK ni Youkoso!,"Comedy, Drama, Psychological, Romance","Genres: Comedy, Drama, Psychological, Romance. Studio: Gonzo. Rating: 8.32",https://cdn.myanimelist.net/images/anime/3/52675.jpg
37086,Kakegurui××,"Drama, High Stakes Game, Mystery, Psychological, School, Shounen, Strategy Game, Suspense","Genres: Drama, High Stakes Game, Mystery, Psychological, School, Shounen, Strategy Game, Suspense. Studio: MAPPA. Rating: 7.18",https://cdn.myanimelist.net/images/anime/1496/96519.webp
2236,Toki wo Kakeru Shoujo,"Award Winning, Drama, Romance, School, Sci-Fi, Time Travel","Genres: Award Winning, Drama, Romance, School, Sci-Fi, Time Travel. Studio: Madhouse. Rating: 8.09",https://cdn.myanimelist.net/images/anime/1/2432.jpg
49918,Boku no Hero Academia 6th Season,"Action, School, Shounen, Super Power","Genres: Action, School, Shounen, Super Power. Studio: Bones. Rating: 8.21",https://cdn.myanimelist.net/images/anime/1483/126005.jpg
43299,Wonder Egg Priority,"Drama, Psychological, Supernatural, Suspense","Genres: Drama, Psychological, Supernatural, Suspense. Studio: CloverWorks. Rating: 7.53",https://cdn.myanimelist.net/images/anime/1079/110751.webp
6,Trigun,"Action, Adult Cast, Adventure, Sci-Fi, Shounen","Genres: Action, Adult Cast, Adventure, Sci-Fi, Shounen. Studio: Madhouse. Rating: 8.22",https://cdn.myanimelist.net/images/anime/1130/120002.webp
24415,Kuroko no Basket 3rd Season,"School, Shounen, Sports, Team Sports","Genres: School, Shounen, Sports, Team Sports. Studio: Production I.G. Rating: 8.29",https://cdn.myanimelist.net/images/anime/4/68299.webp
37982,Domestic na Kanojo,"Drama, Love Polygon, Romance, School, Shounen","Genres: Drama, Love Polygon, Romance, School, Shounen. Studio: Diomedéa. Rating: 6.6",https://cdn.myanimelist.net/images/anime/1021/95670.webp
32542,Sakamoto desu ga?,"Comedy, Gag Humor, School, Seinen","Genres: Comedy, Gag Humor, School, Seinen. Studio: Studio Deen. Rating: 7.53",https://cdn.myanimelist.net/images/anime/4/79468.webp
437,Perfect Blue,"Adult Cast, Avant Garde, Award Winning, Drama, Horror, Psychological, Showbiz, Suspense","Genres: Adult Cast, Avant Garde, Award Winning, Drama, Horror, Psychological, Showbiz, Suspense. Studio: Madhouse. Rating: 8.56",https://cdn.myanimelist.net/images/anime/1254/134212.webp
38329,Seishun Buta Yarou wa Yumemiru Shoujo no Yume wo Minai,"Drama, Romance, School, Supernatural","Genres: Drama, Romance, School, Supernatural. Studio: CloverWorks. Rating: 8.59",https://cdn.myanimelist.net/images/anime/1613/102179.jpg
39547,Yahari Ore no Seishun Love Comedy wa Machigatteiru. Kan,"Comedy, Love Polygon, Romance, School","Genres: Comedy, Love Polygon, Romance, School. Studio: feel.. Rating: 8.35",https://cdn.myanimelist.net/images/anime/1958/107912.jpg
39783,5-toubun no Hanayome ∬,"Comedy, Harem, Romance, School, Shounen","Genres: Comedy, Harem, Romance, School, Shounen. Studio: Bibury Animation Studios. Rating: 8.0",https://cdn.myanimelist.net/images/anime/1775/109514.jpg
36882,Arifureta Shokugyou de Sekai Saikyou,"Action, Adventure, Fantasy, Harem, Isekai","Genres: Action, Adventure, Fantasy, Harem, Isekai. Studio: asread., White Fox. Rating: 6.72",https://cdn.myanimelist.net/images/anime/1776/97682.jpg
13125,Shinsekai yori,"Drama, Fantasy, Horror, Mystery, Psychological, Sci-Fi, Suspense","Genres: Drama, Fantasy, Horror, Mystery, Psychological, Sci-Fi, Suspense. Studio: A-1 Pictures. Rating: 8.24",https://cdn.myanimelist.net/images/anime/1549/136389.webp
33506,Ao no Exorcist: Kyoto Fujouou-hen,"Action, Mythology, School, Shounen, Supernatural","Genres: Action, Mythology, School, Shounen, Supernatural. Studio: A-1 Pictures. Rating: 7.34",https://cdn.myanimelist.net/images/anime/5/85201.jpg
51096,Youkoso Jitsuryoku Shijou Shugi no Kyoushitsu e 2nd Season,"Drama, Psychological, School, Suspense","Genres: Drama, Psychological, School, Suspense. Studio: Lerche. Rating: 8.03",https://cdn.myanimelist.net/images/anime/1010/124180.jpg
32951,Rokudenashi Majutsu Koushi to Akashic Records,"Action, Fantasy, School","Genres: Action, Fantasy, School. Studio: LIDENFILMS. Rating: 7.1",https://cdn.myanimelist.net/images/anime/8/85593.jpg
36896,Boku no Hero Academia the Movie 1: Futari no Hero,"Action, Shounen, Super Power","Genres: Action, Shounen, Super Power. Studio: Bones. Rating: 7.52",https://cdn.myanimelist.net/images/anime/1736/93138.jpg
52211,Mashle,"Action, Comedy, Fantasy, Gag Humor, Parody, School, Shounen","Genres: Action, Comedy, Fantasy, Gag Humor, Parody, School, Shounen. Studio: A-1 Pictures. Rating: 7.61",https://cdn.myanimelist.net/images/anime/1218/135107.webp
58567,Ore dake Level Up na Ken Season 2: Arise from the Shadow,"Action, Adult Cast, Adventure, Fantasy, Urban Fantasy","Genres: Action, Adult Cast, Adventure, Fantasy, Urban Fantasy. Studio: A-1 Pictures. Rating: 8.51",https://cdn.myanimelist.net/images/anime/1448/147351.webp
47917,Bocchi the Rock!,"CGDCT, Comedy, Music","Genres: CGDCT, Comedy, Music. Studio: CloverWorks. Rating: 8.72",https://cdn.myanimelist.net/images/anime/1448/127956.jpg
31859,Hai to Gensou no Grimgar,"Action, Adventure, Drama, Fantasy, Isekai","Genres: Action, Adventure, Drama, Fantasy, Isekai. Studio: A-1 Pictures. Rating: 7.66",https://cdn.myanimelist.net/images/anime/13/77976.jpg
30307,Monster Musume no Iru Nichijou,"Anthropomorphic, Comedy, Ecchi, Fantasy, Harem, Romance, Seinen, Urban Fantasy","Genres: Anthropomorphic, Comedy, Ecchi, Fantasy, Harem, Romance, Seinen, Urban Fantasy. Studio: Lerche. Rating: 6.91",https://cdn.myanimelist.net/images/anime/9/75104.webp
14467,K,"Action, Mystery, Super Power","Genres: Action, Mystery, Super Power. Studio: GoHands. Rating: 7.41",https://cdn.myanimelist.net/images/anime/3/47607.webp
37210,Isekai Maou to Shoukan Shoujo no Dorei Majutsu,"Action, Comedy, Ecchi, Fantasy, Harem, Isekai, Romance","Genres: Action, Comedy, Ecchi, Fantasy, Harem, Isekai, Romance. Studio: Ajia-do. Rating: 6.8",https://cdn.myanimelist.net/images/anime/1649/93412.webp
31798,Kiznaiver,"Drama, Romance, Sci-Fi","Genres: Drama, Romance, Sci-Fi. Studio: Trigger. Rating: 7.36",https://cdn.myanimelist.net/images/anime/1085/147246.jpg
18671,Chuunibyou demo Koi ga Shitai! Ren,"Comedy, Romance, School","Genres: Comedy, Romance, School. Studio: Kyoto Animation. Rating: 7.55",https://cdn.myanimelist.net/images/anime/7/56643.jpg
55701,Kimetsu no Yaiba: Hashira Geiko-hen,"Action, Historical, Shounen, Supernatural","Genres: Action, Historical, Shounen, Supernatural. Studio: ufotable. Rating: 8.0",https://cdn.myanimelist.net/images/anime/1565/142711.jpg
39701,Nanatsu no Taizai: Kamigami no Gekirin,"Action, Adventure, Fantasy, Shounen","Genres: Action, Adventure, Fantasy, Shounen. Studio: Studio Deen. Rating: 6.47",https://cdn.myanimelist.net/images/anime/1546/103418.webp
32998,91 Days,"Action, Adult Cast, Drama, Historical, Organized Crime, Suspense","Genres: Action, Adult Cast, Drama, Historical, Organized Crime, Suspense. Studio: Shuka. Rating: 7.82",https://cdn.myanimelist.net/images/anime/13/80515.jpg
270,Hellsing,"Action, Adult Cast, Gore, Horror, Seinen, Supernatural, Vampire","Genres: Action, Adult Cast, Gore, Horror, Seinen, Supernatural, Vampire. Studio: Gonzo. Rating: 7.5",https://cdn.myanimelist.net/images/anime/10/19956.webp
50346,Yofukashi no Uta,"Romance, Shounen, Supernatural, Vampire","Genres: Romance, Shounen, Supernatural, Vampire. Studio: LIDENFILMS. Rating: 7.94",https://cdn.myanimelist.net/images/anime/1045/123711.jpg
877,Nana,"Adult Cast, Drama, Love Polygon, Music, Romance, Shoujo","Genres: Adult Cast, Drama, Love Polygon, Music, Romance, Shoujo. Studio: Madhouse. Rating: 8.58",https://cdn.myanimelist.net/images/anime/2/11232.jpg
34902,Tsurezure Children,"Comedy, Romance, School, Shounen","Genres: Comedy, Romance, School, Shounen. Studio: Studio Gokumi. Rating: 7.53",https://cdn.myanimelist.net/images/anime/12/86676.webp
51179,Mushoku Tensei II: Isekai Ittara Honki Dasu,"Adventure, Drama, Fantasy, Isekai, Reincarnation, School","Genres: Adventure, Drama, Fantasy, Isekai, Reincarnation, School. Studio: Studio Bind. Rating: 8.19",https://cdn.myanimelist.net/images/anime/1898/138005.jpg
31765,Sword Art Online Movie: Ordinal Scale,"Action, Adventure, Sci-Fi, Video Game","Genres: Action, Adventure, Sci-Fi, Video Game. Studio: A-1 Pictures. Rating: 7.56",https://cdn.myanimelist.net/images/anime/1557/123313.jpg
36949,Shokugeki no Souma: San no Sara - Tootsuki Ressha-hen,"Ecchi, Gourmet, School, Shounen","Genres: Ecchi, Gourmet, School, Shounen. Studio: J.C.Staff. Rating: 7.92",https://cdn.myanimelist.net/images/anime/1604/93531.jpg
31722,Nanatsu no Taizai: Seisen no Shirushi,"Action, Adventure, Fantasy, Shounen","Genres: Action, Adventure, Fantasy, Shounen. Studio: A-1 Pictures. Rating: 6.94",https://cdn.myanimelist.net/images/anime/13/79331.webp
11597,Nisemonogatari,"Comedy, Ecchi, Mystery, Supernatural","Genres: Comedy, Ecchi, Mystery, Supernatural. Studio: Shaft. Rating: 8.12",https://cdn.myanimelist.net/images/anime/1044/103654.jpg
33,Kenpuu Denki Berserk,"Action, Adventure, Drama, Fantasy, Gore, Horror, Military, Psychological, Seinen","Genres: Action, Adventure, Drama, Fantasy, Gore, Horror, Military, Psychological, Seinen. Studio: OLM. Rating: 8.61",https://cdn.myanimelist.net/images/anime/1384/119988.jpg
578,Hotaru no Haka,"Drama, Historical","Genres: Drama, Historical. Studio: Studio Ghibli. Rating: 8.54",https://cdn.myanimelist.net/images/anime/1485/141208.jpg
32901,Eromanga-sensei,"Comedy, Ecchi, Otaku Culture, Romance","Genres: Comedy, Ecchi, Otaku Culture, Romance. Studio: A-1 Pictures. Rating: 6.31",https://cdn.myanimelist.net/images/anime/2/86468.jpg
40834,Ousama Ranking,"Adventure, Fantasy","Genres: Adventure, Fantasy. Studio: Wit Studio. Rating: 8.48",https://cdn.myanimelist.net/images/anime/1347/117616.jpg
7791,K-On!!,"Award Winning, CGDCT, Comedy, Music, School","Genres: Award Winning, CGDCT, Comedy, Music, School. Studio: Kyoto Animation. Rating: 8.19",https://cdn.myanimelist.net/images/anime/12/76121.jpg
392,Yuu☆Yuu☆Hakusho,"Action, Martial Arts, Mythology, Shounen, Supernatural","Genres: Action, Martial Arts, Mythology, Shounen, Supernatural. Studio: Studio Pierrot. Rating: 8.46",https://cdn.myanimelist.net/images/anime/1228/111372.jpg
40052,Great Pretender,"Action, Adult Cast, Adventure, Mystery, Organized Crime","Genres: Action, Adult Cast, Adventure, Mystery, Organized Crime. Studio: Wit Studio. Rating: 8.19",https://cdn.myanimelist.net/images/anime/1418/107954.jpg
52588,Kaijuu 8-gou,"Action, Adult Cast, Fantasy, Military, Sci-Fi, Shounen, Urban Fantasy","Genres: Action, Adult Cast, Fantasy, Military, Sci-Fi, Shounen, Urban Fantasy. Studio: Production I.G. Rating: 8.2",https://cdn.myanimelist.net/images/anime/1370/140362.jpg
11759,Accel World,"Action, Romance, School, Sci-Fi, Video Game","Genres: Action, Romance, School, Sci-Fi, Video Game. Studio: Sunrise. Rating: 7.2",https://cdn.myanimelist.net/images/anime/1002/135430.jpg
27787,Nisekoi:,"Comedy, Harem, Romance, School, Shounen","Genres: Comedy, Harem, Romance, School, Shounen. Studio: Shaft. Rating: 7.35",https://cdn.myanimelist.net/images/anime/13/72626.webp
30123,Akagami no Shirayuki-hime,"Drama, Medical, Romance, Shoujo","Genres: Drama, Medical, Romance, Shoujo. Studio: Bones. Rating: 7.76",https://cdn.myanimelist.net/images/anime/10/75764.jpg
35994,Satsuriku no Tenshi,"Adventure, Gore, Horror, Psychological, Suspense","Genres: Adventure, Gore, Horror, Psychological, Suspense. Studio: J.C.Staff. Rating: 6.97",https://cdn.myanimelist.net/images/anime/1862/95624.webp
28825,Himouto! Umaru-chan,"Comedy, Otaku Culture, School, Seinen","Genres: Comedy, Otaku Culture, School, Seinen. Studio: Doga Kobo. Rating: 7.09",https://cdn.myanimelist.net/images/anime/12/75086.jpg
31646,3-gatsu no Lion,"Drama, Seinen, Strategy Game","Genres: Drama, Seinen, Strategy Game. Studio: Shaft. Rating: 8.37",https://cdn.myanimelist.net/images/anime/3/82899.webp
37987,Violet Evergarden Movie,"Award Winning, Drama","Genres: Award Winning, Drama. Studio: Kyoto Animation. Rating: 8.83",https://cdn.myanimelist.net/images/anime/1825/110716.webp
28297,Ore Monogatari!!,"Comedy, Romance, Shoujo","Genres: Comedy, Romance, Shoujo. Studio: Madhouse. Rating: 7.89",https://cdn.myanimelist.net/images/anime/13/69455.webp
32949,Kuzu no Honkai,"Drama, Love Polygon, Romance, School, Seinen","Genres: Drama, Love Polygon, Romance, School, Seinen. Studio: Lerche. Rating: 7.06",https://cdn.myanimelist.net/images/anime/5/83937.webp
14713,Kamisama Hajimemashita,"Comedy, Mythology, Romance, Shoujo, Supernatural","Genres: Comedy, Mythology, Romance, Shoujo, Supernatural. Studio: TMS Entertainment. Rating: 8.13",https://cdn.myanimelist.net/images/anime/3/85429.webp
23233,Shinmai Maou no Testament,"Action, Ecchi, Harem, Supernatural","Genres: Action, Ecchi, Harem, Supernatural. Studio: Production IMS. Rating: 6.68",https://cdn.myanimelist.net/images/anime/1654/112033.webp
1482,D.Gray-man,"Action, Adventure, Fantasy, Shounen, Urban Fantasy","Genres: Action, Adventure, Fantasy, Shounen, Urban Fantasy. Studio: TMS Entertainment. Rating: 8.0",https://cdn.myanimelist.net/images/anime/13/75194.jpg
2993,Rosario to Vampire,"Comedy, Ecchi, Fantasy, Harem, Romance, School, Shounen, Vampire","Genres: Comedy, Ecchi, Fantasy, Harem, Romance, School, Shounen, Vampire. Studio: Gonzo. Rating: 6.73",https://cdn.myanimelist.net/images/anime/12/75242.webp
34612,Saiki Kusuo no Ψ-nan 2,"Comedy, Gag Humor, School, Shounen, Super Power","Genres: Comedy, Gag Humor, School, Shounen, Super Power. Studio: J.C.Staff, Egg Firm. Rating: 8.41",https://cdn.myanimelist.net/images/anime/1961/91383.webp
1818,Claymore,"Action, Adventure, Fantasy, Gore, Shounen","Genres: Action, Adventure, Fantasy, Gore, Shounen. Studio: Madhouse. Rating: 7.73",https://cdn.myanimelist.net/images/anime/3/21834.webp
11633,Blood Lad,"Action, Comedy, Delinquents, Fantasy, Seinen, Vampire","Genres: Action, Comedy, Delinquents, Fantasy, Seinen, Vampire. Studio: Brain's Base. Rating: 7.23",https://cdn.myanimelist.net/images/anime/11/47677.webp
41467,Bleach: Sennen Kessen-hen,"Action, Adventure, Shounen, Supernatural","Genres: Action, Adventure, Shounen, Supernatural. Studio: Studio Pierrot. Rating: 8.98",https://cdn.myanimelist.net/images/anime/1908/135431.jpg
790,Ergo Proxy,"Adult Cast, Mystery, Psychological, Sci-Fi, Suspense","Genres: Adult Cast, Mystery, Psychological, Sci-Fi, Suspense. Studio: Manglobe. Rating: 7.9",https://cdn.myanimelist.net/images/anime/1183/136187.jpg
17074,Monogatari Series: Second Season,"Comedy, Mystery, Romance, Supernatural, Vampire","Genres: Comedy, Mystery, Romance, Supernatural, Vampire. Studio: Shaft. Rating: 8.76",https://cdn.myanimelist.net/images/anime/1807/121534.webp
8769,Ore no Imouto ga Konnani Kawaii Wake ga Nai,"Comedy, Otaku Culture","Genres: Comedy, Otaku Culture. Studio: AIC Build. Rating: 6.92",https://cdn.myanimelist.net/images/anime/1508/129576.webp
23277,Saenai Heroine no Sodatekata,"Comedy, Ecchi, Harem, Otaku Culture, Romance, School","Genres: Comedy, Ecchi, Harem, Otaku Culture, Romance, School. Studio: A-1 Pictures. Rating: 7.47",https://cdn.myanimelist.net/images/anime/1329/142757.jpg
22789,Barakamon,"Childcare, Iyashikei, Slice of Life, Visual Arts","Genres: Childcare, Iyashikei, Slice of Life, Visual Arts. Studio: Kinema Citrus. Rating: 8.36",https://cdn.myanimelist.net/images/anime/1426/111248.webp
2476,School Days,"Drama, Harem, Romance, School","Genres: Drama, Harem, Romance, School. Studio: TNK. Rating: 5.5",https://cdn.myanimelist.net/images/anime/1593/122440.webp
33489,Little Witch Academia (TV),"Adventure, Comedy, Fantasy, School","Genres: Adventure, Comedy, Fantasy, School. Studio: Trigger. Rating: 7.81",https://cdn.myanimelist.net/images/anime/1520/147248.jpg
38003,Bungou Stray Dogs 3rd Season,"Action, Adult Cast, Detective, Mystery, Organized Crime, Seinen, Super Power","Genres: Action, Adult Cast, Detective, Mystery, Organized Crime, Seinen, Super Power. Studio: Bones. Rating: 8.19",https://cdn.myanimelist.net/images/anime/1037/100463.jpg
43,Koukaku Kidoutai,"Adult Cast, Award Winning, Detective, Mecha, Mystery, Psychological, Sci-Fi, Seinen, Suspense","Genres: Adult Cast, Award Winning, Detective, Mecha, Mystery, Psychological, Sci-Fi, Seinen, Suspense. Studio: Production I.G. Rating: 8.27",https://cdn.myanimelist.net/images/anime/10/82594.jpg
34542,Inuyashiki,"Action, Drama, Gore, Psychological, Sci-Fi, Seinen, Suspense","Genres: Action, Drama, Gore, Psychological, Sci-Fi, Seinen, Suspense. Studio: MAPPA. Rating: 7.62",https://cdn.myanimelist.net/images/anime/7/88471.webp
30544,Gakusen Toshi Asterisk,"Action, Comedy, Ecchi, Fantasy, Harem, Romance, School, Urban Fantasy","Genres: Action, Comedy, Ecchi, Fantasy, Harem, Romance, School, Urban Fantasy. Studio: A-1 Pictures. Rating: 6.8",https://cdn.myanimelist.net/images/anime/5/76034.jpg
34618,Blend S,"Comedy, Workplace","Genres: Comedy, Workplace. Studio: A-1 Pictures. Rating: 7.23",https://cdn.myanimelist.net/images/anime/6/88286.jpg
16742,Watashi ga Motenai no wa Dou Kangaetemo Omaera ga Warui!,"Comedy, School","Genres: Comedy, School. Studio: SILVER LINK.. Rating: 6.99",https://cdn.myanimelist.net/images/anime/12/51619.jpg
22147,Amagi Brilliant Park,"Comedy, Supernatural, Workplace","Genres: Comedy, Supernatural, Workplace. Studio: Kyoto Animation. Rating: 7.45",https://cdn.myanimelist.net/images/anime/5/85435.webp
34280,Gamers!,"Comedy, Love Polygon, Romance, School, Video Game","Genres: Comedy, Love Polygon, Romance, School, Video Game. Studio: PINE JAM. Rating: 6.72",https://cdn.myanimelist.net/images/anime/4/86828.webp
263,Hajime no Ippo,"Combat Sports, Shounen, Sports","Genres: Combat Sports, Shounen, Sports. Studio: Madhouse. Rating: 8.78",https://cdn.myanimelist.net/images/anime/4/86334.jpg
38659,Shinchou Yuusha: Kono Yuusha ga Ore Tueee Kuse ni Shinchou Sugiru,"Action, Adventure, Comedy, Fantasy, Isekai, Parody","Genres: Action, Adventure, Comedy, Fantasy, Isekai, Parody. Studio: White Fox. Rating: 7.46",https://cdn.myanimelist.net/images/anime/1715/103419.webp
1887,Lucky☆Star,"CGDCT, Comedy, Gag Humor, Otaku Culture, School","Genres: CGDCT, Comedy, Gag Humor, Otaku Culture, School. Studio: Kyoto Animation. Rating: 7.76",https://cdn.myanimelist.net/images/anime/1561/115660.webp
37141,Hataraku Saibou,"Anthropomorphic, Comedy, Educational, Medical, Shounen","Genres: Anthropomorphic, Comedy, Educational, Medical, Shounen. Studio: David Production. Rating: 7.54",https://cdn.myanimelist.net/images/anime/1141/117446.jpg
14289,Suki tte Ii na yo.,"Drama, Romance, School, Shoujo","Genres: Drama, Romance, School, Shoujo. Studio: Zexcs. Rating: 7.38",https://cdn.myanimelist.net/images/anime/11/39777.webp
53887,Spy x Family Season 2,"Action, Childcare, Comedy, Shounen, Super Power","Genres: Action, Childcare, Comedy, Shounen, Super Power. Studio: Wit Studio, CloverWorks. Rating: 8.05",https://cdn.myanimelist.net/images/anime/1506/138982.webp
54112,Zom 100: Zombie ni Naru made ni Shitai 100 no Koto,"Adult Cast, Comedy, Seinen, Survival, Suspense","Genres: Adult Cast, Comedy, Seinen, Survival, Suspense. Studio: BUG FILMS. Rating: 7.69",https://cdn.myanimelist.net/images/anime/1384/136408.jpg
23281,Psycho-Pass 2,"Action, Adult Cast, Detective, Mystery, Psychological, Sci-Fi, Suspense","Genres: Action, Adult Cast, Detective, Mystery, Psychological, Sci-Fi, Suspense. Studio: Tatsunoko Production. Rating: 7.41",https://cdn.myanimelist.net/images/anime/1197/100616.webp
28977,Gintama°,"Action, Comedy, Gag Humor, Historical, Parody, Samurai, Sci-Fi, Shounen","Genres: Action, Comedy, Gag Humor, Historical, Parody, Samurai, Sci-Fi, Shounen. Studio: Bandai Namco Pictures. Rating: 9.05",https://cdn.myanimelist.net/images/anime/3/72078.jpg
39534,Jibaku Shounen Hanako-kun,"School, Shounen, Supernatural","Genres: School, Shounen, Supernatural. Studio: Lerche. Rating: 7.82",https://cdn.myanimelist.net/images/anime/1050/111687.jpg
40540,Sword Art Online: Alicization - War of Underworld 2nd Season,"Action, Adventure, Fantasy, Video Game","Genres: Action, Adventure, Fantasy, Video Game. Studio: A-1 Pictures. Rating: 7.52",https://cdn.myanimelist.net/images/anime/1438/105106.jpg
47194,Summertime Render,"Mystery, Shounen, Supernatural, Suspense, Time Travel","Genres: Mystery, Shounen, Supernatural, Suspense, Time Travel. Studio: OLM. Rating: 8.46",https://cdn.myanimelist.net/images/anime/1120/120796.jpg
19163,Date A Live II,"Action, Fantasy, Harem, Romance, School, Sci-Fi, Urban Fantasy","Genres: Action, Fantasy, Harem, Romance, School, Sci-Fi, Urban Fantasy. Studio: Production IMS. Rating: 7.17",https://cdn.myanimelist.net/images/anime/1690/141818.webp
40454,Dungeon ni Deai wo Motomeru no wa Machigatteiru Darou ka III,"Action, Adventure, Fantasy","Genres: Action, Adventure, Fantasy. Studio: J.C.Staff. Rating: 7.47",https://cdn.myanimelist.net/images/anime/1523/108380.webp
3455,To LOVE-Ru,"Comedy, Ecchi, Harem, Romance, School, Sci-Fi, Shounen","Genres: Comedy, Ecchi, Harem, Romance, School, Sci-Fi, Shounen. Studio: Xebec. Rating: 6.96",https://cdn.myanimelist.net/images/anime/1292/147431.webp
527,Pokemon,"Action, Adventure, Comedy, Fantasy, Kids","Genres: Action, Adventure, Comedy, Fantasy, Kids. Studio: OLM. Rating: 7.42",https://cdn.myanimelist.net/images/anime/1787/140239.jpg
225,Dragon Ball GT,"Action, Adventure, Comedy, Fantasy, Martial Arts, Shounen","Genres: Action, Adventure, Comedy, Fantasy, Martial Arts, Shounen. Studio: Toei Animation. Rating: 6.53",https://cdn.myanimelist.net/images/anime/1262/93119.jpg
9041,IS: Infinite Stratos,"Action, Comedy, Ecchi, Harem, Romance, School, Sci-Fi","Genres: Action, Comedy, Ecchi, Harem, Romance, School, Sci-Fi. Studio: 8bit. Rating: 6.6",https://cdn.myanimelist.net/images/anime/3/74045.webp
40938,Hige wo Soru. Soshite Joshikousei wo Hirou.,"Drama, Romance","Genres: Drama, Romance. Studio: Project No.9. Rating: 7.25",https://cdn.myanimelist.net/images/anime/1146/113477.jpg
36475,Sword Art Online Alternative: Gun Gale Online,"Action, Military, Video Game","Genres: Action, Military, Video Game. Studio: Studio 3Hz. Rating: 7.01",https://cdn.myanimelist.net/images/anime/1141/93288.webp
28497,Rokka no Yuusha,"Action, Fantasy, Mystery","Genres: Action, Fantasy, Mystery. Studio: Passione. Rating: 7.25",https://cdn.myanimelist.net/images/anime/9/74374.jpg
39940,Shokugeki no Souma: Shin no Sara,"Ecchi, Gourmet, School, Shounen","Genres: Ecchi, Gourmet, School, Shounen. Studio: J.C.Staff. Rating: 7.73",https://cdn.myanimelist.net/images/anime/1072/110175.webp
16870,The Last: Naruto the Movie,"Action, Adventure, Fantasy, Romance, Shounen","Genres: Action, Adventure, Fantasy, Romance, Shounen. Studio: Studio Pierrot. Rating: 7.8",https://cdn.myanimelist.net/images/anime/1491/134498.webp
18277,Strike the Blood,"Action, Ecchi, Fantasy, Harem, School, Urban Fantasy, Vampire","Genres: Action, Ecchi, Fantasy, Harem, School, Urban Fantasy, Vampire. Studio: SILVER LINK., Connect. Rating: 7.0",https://cdn.myanimelist.net/images/anime/5/56163.webp
512,Majo no Takkyuubin,"Adventure, Award Winning, Comedy, Drama, Fantasy","Genres: Adventure, Award Winning, Comedy, Drama, Fantasy. Studio: Studio Ghibli. Rating: 8.24",https://cdn.myanimelist.net/images/anime/1579/140483.jpg
6347,Baka to Test to Shoukanjuu,"Comedy, Love Polygon, Romance, School","Genres: Comedy, Love Polygon, Romance, School. Studio: SILVER LINK.. Rating: 7.49",https://cdn.myanimelist.net/images/anime/3/50389.jpg
36407,Kenja no Mago,"Action, Comedy, Fantasy, Isekai, Reincarnation, Romance","Genres: Action, Comedy, Fantasy, Isekai, Reincarnation, Romance. Studio: SILVER LINK.. Rating: 6.61",https://cdn.myanimelist.net/images/anime/1261/100452.webp
11499,Sankarea,"Comedy, Ecchi, Horror, Love Polygon, Romance, Shounen, Supernatural","Genres: Comedy, Ecchi, Horror, Love Polygon, Romance, Shounen, Supernatural. Studio: Studio Deen. Rating: 7.26",https://cdn.myanimelist.net/images/anime/1487/95651.webp
8525,Kami nomi zo Shiru Sekai,"Comedy, Harem, Otaku Culture, Romance, School, Shounen, Supernatural","Genres: Comedy, Harem, Otaku Culture, Romance, School, Shounen, Supernatural. Studio: Manglobe. Rating: 7.63",https://cdn.myanimelist.net/images/anime/2/43361.webp
2034,Lovely★Complex,"Comedy, Romance, School, Shoujo","Genres: Comedy, Romance, School, Shoujo. Studio: Toei Animation. Rating: 8.03",https://cdn.myanimelist.net/images/anime/11/75563.jpg
2890,Gake no Ue no Ponyo,"Adventure, Award Winning, Fantasy","Genres: Adventure, Award Winning, Fantasy. Studio: Studio Ghibli. Rating: 7.97",https://cdn.myanimelist.net/images/anime/1331/138727.jpg
17729,Grisaia no Kajitsu,"Drama, Harem, Psychological, Romance, School, Suspense","Genres: Drama, Harem, Psychological, Romance, School, Suspense. Studio: 8bit. Rating: 7.45",https://cdn.myanimelist.net/images/anime/1645/112632.webp
7674,Bakuman.,"Comedy, Drama, Otaku Culture, Romance, Shounen","Genres: Comedy, Drama, Otaku Culture, Romance, Shounen. Studio: J.C.Staff. Rating: 8.17",https://cdn.myanimelist.net/images/anime/6/26138.webp
48569,86 Part 2,"Drama, Mecha, Military, Sci-Fi","Genres: Drama, Mecha, Military, Sci-Fi. Studio: A-1 Pictures. Rating: 8.73",https://cdn.myanimelist.net/images/anime/1321/117508.jpg
8841,Kore wa Zombie desu ka?,"Action, Comedy, Ecchi, Harem, Supernatural, Vampire","Genres: Action, Comedy, Ecchi, Harem, Supernatural, Vampire. Studio: Studio Deen. Rating: 7.32",https://cdn.myanimelist.net/images/anime/13/75521.webp
38668,Dorohedoro,"Action, Comedy, Fantasy, Gore, Horror, Seinen","Genres: Action, Comedy, Fantasy, Gore, Horror, Seinen. Studio: MAPPA. Rating: 8.05",https://cdn.myanimelist.net/images/anime/1230/119278.webp
136,Hunter x Hunter,"Action, Adventure, Fantasy, Shounen","Genres: Action, Adventure, Fantasy, Shounen. Studio: Nippon Animation. Rating: 8.44",https://cdn.myanimelist.net/images/anime/1305/132237.jpg
7311,Suzumiya Haruhi no Shoushitsu,"Award Winning, Mystery, School, Sci-Fi, Supernatural","Genres: Award Winning, Mystery, School, Sci-Fi, Supernatural. Studio: Kyoto Animation. Rating: 8.59",https://cdn.myanimelist.net/images/anime/1248/112352.webp
7724,Shiki,"Gore, Horror, Mystery, Psychological, Shounen, Supernatural, Suspense, Vampire","Genres: Gore, Horror, Mystery, Psychological, Shounen, Supernatural, Suspense, Vampire. Studio: Daume. Rating: 7.72",https://cdn.myanimelist.net/images/anime/1531/119165.jpg
6213,Toaru Kagaku no Railgun,"Action, Fantasy, Sci-Fi, Super Power, Urban Fantasy","Genres: Action, Fantasy, Sci-Fi, Super Power, Urban Fantasy. Studio: J.C.Staff. Rating: 7.65",https://cdn.myanimelist.net/images/anime/1099/106939.jpg
40750,Kaifuku Jutsushi no Yarinaoshi,"Action, Erotica, Fantasy, Gore, Harem, Time Travel","Genres: Action, Erotica, Fantasy, Gore, Harem, Time Travel. Studio: TNK. Rating: 6.3",https://cdn.myanimelist.net/images/anime/1301/110018.webp
23321,Log Horizon 2nd Season,"Action, Adult Cast, Adventure, Fantasy, Video Game","Genres: Action, Adult Cast, Adventure, Fantasy, Video Game. Studio: Studio Deen. Rating: 7.55",https://cdn.myanimelist.net/images/anime/5/68097.jpg
11577,Steins;Gate Movie: Fuka Ryouiki no Déjà vu,"Drama, Sci-Fi","Genres: Drama, Sci-Fi. Studio: White Fox. Rating: 8.45",https://cdn.myanimelist.net/images/anime/1611/112806.webp
47790,"Sekai Saikou no Ansatsusha, Isekai Kizoku ni Tensei suru","Action, Drama, Fantasy, Isekai, Mystery, Reincarnation, Romance","Genres: Action, Drama, Fantasy, Isekai, Mystery, Reincarnation, Romance. Studio: SILVER LINK., Studio Palette. Rating: 7.3",https://cdn.myanimelist.net/images/anime/1928/117620.jpg
48895,Overlord IV,"Action, Adventure, Fantasy, Isekai","Genres: Action, Adventure, Fantasy, Isekai. Studio: Madhouse. Rating: 8.06",https://cdn.myanimelist.net/images/anime/1530/120110.jpg
53393,Tengoku Daimakyou,"Adventure, Mystery, Sci-Fi, Seinen","Genres: Adventure, Mystery, Sci-Fi, Seinen. Studio: Production I.G. Rating: 8.2",https://cdn.myanimelist.net/images/anime/1121/133132.jpg
39533,Given,"Boys Love, Drama, Music, School","Genres: Boys Love, Drama, Music, School. Studio: Lerche. Rating: 8.28",https://cdn.myanimelist.net/images/anime/1666/102238.jpg
35860,Karakai Jouzu no Takagi-san,"Comedy, Love Status Quo, Romance, School, Shounen","Genres: Comedy, Love Status Quo, Romance, School, Shounen. Studio: Shin-Ei Animation. Rating: 7.67",https://cdn.myanimelist.net/images/anime/1591/95091.webp
45613,Kawaii dake ja Nai Shikimori-san,"Comedy, Romance, School","Genres: Comedy, Romance, School. Studio: Doga Kobo. Rating: 6.94",https://cdn.myanimelist.net/images/anime/1995/121695.jpg
3457,Vampire Knight,"Drama, Love Polygon, Mystery, Romance, School, Shoujo, Supernatural, Vampire","Genres: Drama, Love Polygon, Mystery, Romance, School, Shoujo, Supernatural, Vampire. Studio: Studio Deen. Rating: 6.83",https://cdn.myanimelist.net/images/anime/3/7327.jpg
16067,Nagi no Asu kara,"Drama, Fantasy, Love Polygon, Romance, Urban Fantasy","Genres: Drama, Fantasy, Love Polygon, Romance, Urban Fantasy. Studio: P.A. Works. Rating: 7.93",https://cdn.myanimelist.net/images/anime/7/53549.webp
48580,Vanitas no Karte,"Action, Fantasy, Historical, Mystery, Shounen, Urban Fantasy, Vampire","Genres: Action, Fantasy, Historical, Mystery, Shounen, Urban Fantasy, Vampire. Studio: Bones. Rating: 7.9",https://cdn.myanimelist.net/images/anime/1401/118483.jpg
42923,SK∞,"Racing, Sports","Genres: Racing, Sports. Studio: Bones. Rating: 7.99",https://cdn.myanimelist.net/images/anime/1549/119195.webp
39565,Boku no Hero Academia the Movie 2: Heroes:Rising,"Action, Shounen, Super Power","Genres: Action, Shounen, Super Power. Studio: Bones. Rating: 7.92",https://cdn.myanimelist.net/images/anime/1019/103292.jpg
35203,Isekai wa Smartphone to Tomo ni.,"Adventure, Comedy, Fantasy, Harem, Isekai, Romance","Genres: Adventure, Comedy, Fantasy, Harem, Isekai, Romance. Studio: Production Reed. Rating: 6.09",https://cdn.myanimelist.net/images/anime/7/86794.webp
9513,Beelzebub,"Action, Childcare, Comedy, Delinquents, School, Shounen, Supernatural","Genres: Action, Childcare, Comedy, Delinquents, School, Shounen, Supernatural. Studio: Pierrot Plus. Rating: 7.84",https://cdn.myanimelist.net/images/anime/3/28013.jpg
48661,JoJo no Kimyou na Bouken Part 6: Stone Ocean,"Action, Adventure, Shounen, Super Power","Genres: Action, Adventure, Shounen, Super Power. Studio: David Production. Rating: 8.05",https://cdn.myanimelist.net/images/anime/1896/119844.jpg
25183,Gangsta.,"Action, Adult Cast, Drama, Organized Crime, Seinen","Genres: Action, Adult Cast, Drama, Organized Crime, Seinen. Studio: Manglobe. Rating: 7.42",https://cdn.myanimelist.net/images/anime/8/74415.webp
31580,Ajin,"Action, Gore, Horror, Mystery, Seinen, Supernatural","Genres: Action, Gore, Horror, Mystery, Seinen, Supernatural. Studio: Polygon Pictures. Rating: 7.37",https://cdn.myanimelist.net/images/anime/13/77968.webp
14075,Zetsuen no Tempest,"Action, Drama, Fantasy, Mystery, Psychological, Shounen, Urban Fantasy","Genres: Action, Drama, Fantasy, Mystery, Psychological, Shounen, Urban Fantasy. Studio: Bones. Rating: 7.88",https://cdn.myanimelist.net/images/anime/7/42453.webp
2759,Evangelion Movie 1: Jo,"Award Winning, Drama, Mecha, Psychological, Sci-Fi, Suspense","Genres: Award Winning, Drama, Mecha, Psychological, Sci-Fi, Suspense. Studio: Khara. Rating: 8.0",https://cdn.myanimelist.net/images/anime/7/74975.webp
48549,Dr. Stone: New World,"Adventure, Comedy, Shounen","Genres: Adventure, Comedy, Shounen. Studio: TMS Entertainment. Rating: 8.14",https://cdn.myanimelist.net/images/anime/1316/136268.webp
31339,Drifters,"Action, Adult Cast, Adventure, Comedy, Fantasy, Gore, Isekai, Military, Samurai, Seinen","Genres: Action, Adult Cast, Adventure, Comedy, Fantasy, Gore, Isekai, Military, Samurai, Seinen. Studio: Hoods Entertainment. Rating: 7.88",https://cdn.myanimelist.net/images/anime/10/80271.jpg
1943,Paprika,"Adult Cast, Avant Garde, Award Winning, Mystery, Psychological, Sci-Fi, Suspense","Genres: Adult Cast, Avant Garde, Award Winning, Mystery, Psychological, Sci-Fi, Suspense. Studio: Madhouse. Rating: 8.05",https://cdn.myanimelist.net/images/anime/1929/93629.jpg
15315,Mondaiji-tachi ga Isekai kara Kuru Sou desu yo?,"Action, Comedy, Fantasy, Isekai, Mythology","Genres: Action, Comedy, Fantasy, Isekai, Mythology. Studio: Diomedéa. Rating: 7.4",https://cdn.myanimelist.net/images/anime/12/43369.webp
38656,Darwin's Game,"Action, High Stakes Game, Mystery, Shounen, Super Power, Survival, Suspense","Genres: Action, High Stakes Game, Mystery, Shounen, Super Power, Survival, Suspense. Studio: Nexus. Rating: 7.2",https://cdn.myanimelist.net/images/anime/1016/107222.webp
9969,Gintama',"Action, Comedy, Gag Humor, Historical, Parody, Samurai, Sci-Fi, Shounen","Genres: Action, Comedy, Gag Humor, Historical, Parody, Samurai, Sci-Fi, Shounen. Studio: Sunrise. Rating: 9.02",https://cdn.myanimelist.net/images/anime/4/50361.jpg
39247,Kobayashi-san Chi no Maid Dragon S,"Slice of Life, Supernatural","Genres: Slice of Life, Supernatural. Studio: Kyoto Animation. Rating: 8.19",https://cdn.myanimelist.net/images/anime/1252/115539.jpg
46095,Vivy: Fluorite Eye's Song,"Action, Music, Sci-Fi, Suspense, Time Travel","Genres: Action, Music, Sci-Fi, Suspense, Time Travel. Studio: Wit Studio. Rating: 8.37",https://cdn.myanimelist.net/images/anime/1551/128960.jpg
38790,Itai no wa Iya nanode Bougyoryoku ni Kyokufuri Shitai to Omoimasu.,"Action, Adventure, Comedy, Fantasy, Video Game","Genres: Action, Adventure, Comedy, Fantasy, Video Game. Studio: SILVER LINK.. Rating: 7.49",https://cdn.myanimelist.net/images/anime/1579/113812.jpg
8425,Gosick,"Drama, Historical, Mystery, Romance","Genres: Drama, Historical, Mystery, Romance. Studio: Bones. Rating: 8.04",https://cdn.myanimelist.net/images/anime/11/27906.jpg
31637,"Gate: Jieitai Kanochi nite, Kaku Tatakaeri Part 2","Action, Adventure, Fantasy, Isekai, Military","Genres: Action, Adventure, Fantasy, Isekai, Military. Studio: A-1 Pictures. Rating: 7.71",https://cdn.myanimelist.net/images/anime/8/77382.jpg
52701,Dungeon Meshi,"Adventure, Comedy, Fantasy, Gourmet, Seinen","Genres: Adventure, Comedy, Fantasy, Gourmet, Seinen. Studio: Trigger. Rating: 8.58",https://cdn.myanimelist.net/images/anime/1711/142478.webp
31404,Netoge no Yome wa Onnanoko ja Nai to Omotta?,"Comedy, Ecchi, Romance, School, Video Game","Genres: Comedy, Ecchi, Romance, School, Video Game. Studio: Project No.9. Rating: 6.66",https://cdn.myanimelist.net/images/anime/3/79414.jpg
50709,Lycoris Recoil,Action,Genres: Action. Studio: A-1 Pictures. Rating: 8.14,https://cdn.myanimelist.net/images/anime/1261/127311.webp
55888,Mushoku Tensei II: Isekai Ittara Honki Dasu Part 2,"Adventure, Drama, Fantasy, Isekai, Reincarnation, School","Genres: Adventure, Drama, Fantasy, Isekai, Reincarnation, School. Studio: Studio Bind. Rating: 8.37",https://cdn.myanimelist.net/images/anime/1876/141251.jpg
34403,Hajimete no Gal,"Comedy, Ecchi, Harem, Romance, School, Shounen","Genres: Comedy, Ecchi, Harem, Romance, School, Shounen. Studio: NAZ. Rating: 6.26",https://cdn.myanimelist.net/images/anime/9/86826.webp
6707,Kuroshitsuji II,"Action, Comedy, Historical, Mythology, Shounen, Supernatural","Genres: Action, Comedy, Historical, Mythology, Shounen, Supernatural. Studio: A-1 Pictures. Rating: 7.12",https://cdn.myanimelist.net/images/anime/4/50499.webp
7593,Kiss x Sis (TV),"Comedy, Ecchi, Harem, Romance, School, Seinen","Genres: Comedy, Ecchi, Harem, Romance, School, Seinen. Studio: feel.. Rating: 6.54",https://cdn.myanimelist.net/images/anime/1660/121553.jpg
34822,Tsuki ga Kirei,"Romance, School","Genres: Romance, School. Studio: feel.. Rating: 8.01",https://cdn.myanimelist.net/images/anime/2/85592.jpg
59978,Sousou no Frieren 2nd Season,"Adventure, Drama, Fantasy, Shounen","Genres: Adventure, Drama, Fantasy, Shounen. Studio: Madhouse. Rating: 8.85",https://cdn.myanimelist.net/images/anime/1921/154528.webp
5630,Higashi no Eden,"Adult Cast, Award Winning, Mystery, Psychological, Romance, Sci-Fi, Suspense","Genres: Adult Cast, Award Winning, Mystery, Psychological, Romance, Sci-Fi, Suspense. Studio: Production I.G. Rating: 7.72",https://cdn.myanimelist.net/images/anime/9/15033.webp
3784,Evangelion Movie 2: Ha,"Drama, Mecha, Psychological, Sci-Fi, Suspense","Genres: Drama, Mecha, Psychological, Sci-Fi, Suspense. Studio: Khara. Rating: 8.29",https://cdn.myanimelist.net/images/anime/5/74983.webp
6594,Katanagatari,"Action, Adventure, Historical, Martial Arts, Romance","Genres: Action, Adventure, Historical, Martial Arts, Romance. Studio: White Fox. Rating: 8.29",https://cdn.myanimelist.net/images/anime/1112/119225.jpg
14749,Ore no Kanojo to Osananajimi ga Shuraba Sugiru,"Comedy, Harem, Romance, School","Genres: Comedy, Harem, Romance, School. Studio: A-1 Pictures. Rating: 6.88",https://cdn.myanimelist.net/images/anime/13/44187.webp
15689,Nekomonogatari: Kuro,"Ecchi, Mystery, Romance, Supernatural","Genres: Ecchi, Mystery, Romance, Supernatural. Studio: Shaft. Rating: 7.91",https://cdn.myanimelist.net/images/anime/1170/121597.jpg
25397,Absolute Duo,"Action, Ecchi, Fantasy, Harem, Romance, School, Urban Fantasy","Genres: Action, Ecchi, Fantasy, Harem, Romance, School, Urban Fantasy. Studio: 8bit. Rating: 6.41",https://cdn.myanimelist.net/images/anime/4/68839.webp
4081,Natsume Yuujinchou,"Iyashikei, Mythology, Shoujo, Slice of Life, Supernatural","Genres: Iyashikei, Mythology, Shoujo, Slice of Life, Supernatural. Studio: Brain's Base. Rating: 8.3",https://cdn.myanimelist.net/images/anime/1681/108439.jpg
40902,Shokugeki no Souma: Gou no Sara,"Ecchi, Gourmet, School, Shounen","Genres: Ecchi, Gourmet, School, Shounen. Studio: J.C.Staff. Rating: 7.31",https://cdn.myanimelist.net/images/anime/1756/108000.webp
40417,Fruits Basket 2nd Season,"Drama, Romance, School, Shoujo, Supernatural","Genres: Drama, Romance, School, Shoujo, Supernatural. Studio: TMS Entertainment. Rating: 8.52",https://cdn.myanimelist.net/images/anime/1972/111635.jpg
1604,Katekyou Hitman Reborn!,"Action, Comedy, Organized Crime, Shounen, Super Power","Genres: Action, Comedy, Organized Crime, Shounen, Super Power. Studio: Artland. Rating: 8.12",https://cdn.myanimelist.net/images/anime/1531/142751.jpg
31442,Musaigen no Phantom World,"Action, Comedy, Ecchi, Fantasy, School, Urban Fantasy","Genres: Action, Comedy, Ecchi, Fantasy, School, Urban Fantasy. Studio: Kyoto Animation. Rating: 6.85",https://cdn.myanimelist.net/images/anime/4/78339.webp
9260,Kizumonogatari I: Tekketsu-hen,"Action, Mystery, Supernatural, Vampire","Genres: Action, Mystery, Supernatural, Vampire. Studio: Shaft. Rating: 8.36",https://cdn.myanimelist.net/images/anime/1783/112810.webp
60543,Dandadan 2nd Season,"Action, Comedy, Shounen, Supernatural","Genres: Action, Comedy, Shounen, Supernatural. Studio: Science SARU. Rating: 8.38",https://cdn.myanimelist.net/images/anime/1721/149001.jpg
1519,Black Lagoon: The Second Barrage,"Action, Adult Cast, Organized Crime, Seinen","Genres: Action, Adult Cast, Organized Crime, Seinen. Studio: Madhouse. Rating: 8.18",https://cdn.myanimelist.net/images/anime/1701/152849.webp
39196,Mairimashita! Iruma-kun,"Comedy, Fantasy, School, Shounen","Genres: Comedy, Fantasy, School, Shounen. Studio: Bandai Namco Pictures. Rating: 7.74",https://cdn.myanimelist.net/images/anime/1009/103187.webp
48556,Takt Op. Destiny,"Action, Fantasy, Music, Sci-Fi, Urban Fantasy","Genres: Action, Fantasy, Music, Sci-Fi, Urban Fantasy. Studio: Madhouse, MAPPA. Rating: 7.16",https://cdn.myanimelist.net/images/anime/1449/117797.jpg
27631,God Eater,"Action, Fantasy, Military, Sci-Fi","Genres: Action, Fantasy, Military, Sci-Fi. Studio: ufotable. Rating: 7.18",https://cdn.myanimelist.net/images/anime/7/73852.jpg
4382,Suzumiya Haruhi no Yuuutsu (2009),"Comedy, Mystery, School, Sci-Fi","Genres: Comedy, Mystery, School, Sci-Fi. Studio: Kyoto Animation. Rating: 7.24",https://cdn.myanimelist.net/images/anime/8/75377.jpg
43523,Tsuki ga Michibiku Isekai Douchuu,"Action, Adventure, Comedy, Fantasy, Isekai","Genres: Action, Adventure, Comedy, Fantasy, Isekai. Studio: C2C. Rating: 7.71",https://cdn.myanimelist.net/images/anime/1950/116474.webp
42938,Fruits Basket: The Final,"Drama, Romance, Shoujo, Supernatural","Genres: Drama, Romance, Shoujo, Supernatural. Studio: TMS Entertainment. Rating: 8.93",https://cdn.myanimelist.net/images/anime/1085/114792.jpg
53126,Yamada-kun to Lv999 no Koi wo Suru,"Romance, Video Game","Genres: Romance, Video Game. Studio: Madhouse. Rating: 7.74",https://cdn.myanimelist.net/images/anime/1298/134178.webp
120,Fruits Basket,"Drama, Love Polygon, Romance, School, Shoujo, Supernatural","Genres: Drama, Love Polygon, Romance, School, Shoujo, Supernatural. Studio: Studio Deen. Rating: 7.69",https://cdn.myanimelist.net/images/anime/4/75204.webp
25781,Shingeki no Kyojin: Kuinaki Sentaku,Action,Genres: Action. Studio: Wit Studio. Rating: 8.42,https://cdn.myanimelist.net/images/anime/8/69497.webp
49458,Kono Subarashii Sekai ni Shukufuku wo! 3,"Adventure, Comedy, Fantasy, Isekai, Parody","Genres: Adventure, Comedy, Fantasy, Isekai, Parody. Studio: Drive. Rating: 8.33",https://cdn.myanimelist.net/images/anime/1758/141268.jpg
50631,"Komi-san wa, Comyushou desu. 2nd Season","Comedy, School, Shounen","Genres: Comedy, School, Shounen. Studio: OLM. Rating: 7.96",https://cdn.myanimelist.net/images/anime/1108/121157.jpg
7088,Ichiban Ushiro no Daimaou,"Action, Comedy, Ecchi, Fantasy, Harem, Romance, School","Genres: Action, Comedy, Ecchi, Fantasy, Harem, Romance, School. Studio: Artland. Rating: 6.69",https://cdn.myanimelist.net/images/anime/11/75554.webp
35972,Fairy Tail: Final Series,"Action, Adventure, Fantasy, Shounen","Genres: Action, Adventure, Fantasy, Shounen. Studio: A-1 Pictures, Bridge, CloverWorks. Rating: 7.63",https://cdn.myanimelist.net/images/anime/1536/93863.jpg
57658,Jujutsu Kaisen: Shimetsu Kaiyuu - Zenpen,"Action, Shounen, Supernatural","Genres: Action, Shounen, Supernatural. Studio: MAPPA. Rating: 8.59",https://cdn.myanimelist.net/images/anime/1659/154920.jpg
34497,Death March kara Hajimaru Isekai Kyousoukyoku,"Adventure, Fantasy, Harem, Isekai","Genres: Adventure, Fantasy, Harem, Isekai. Studio: SILVER LINK., Connect. Rating: 6.42",https://cdn.myanimelist.net/images/anime/4/88911.webp
9656,Kimi ni Todoke 2nd Season,"Drama, Romance, School, Shoujo","Genres: Drama, Romance, School, Shoujo. Studio: Production I.G. Rating: 7.97",https://cdn.myanimelist.net/images/anime/1311/121574.webp
48483,Mieruko-chan,"Comedy, Horror, School","Genres: Comedy, Horror, School. Studio: Passione. Rating: 7.37",https://cdn.myanimelist.net/images/anime/1277/117155.jpg
34281,High School DxD Hero,"Action, Comedy, Ecchi, Harem, Mythology, Romance, School, Supernatural","Genres: Action, Comedy, Ecchi, Harem, Mythology, Romance, School, Supernatural. Studio: Passione. Rating: 7.23",https://cdn.myanimelist.net/images/anime/1189/93528.jpg
34382,Citrus,"Drama, Girls Love, School","Genres: Drama, Girls Love, School. Studio: Passione. Rating: 6.42",https://cdn.myanimelist.net/images/anime/11/89985.jpg
14967,Boku wa Tomodachi ga Sukunai Next,"Comedy, Ecchi, Harem, Romance, School","Genres: Comedy, Ecchi, Harem, Romance, School. Studio: AIC Build. Rating: 7.25",https://cdn.myanimelist.net/images/anime/3/44724.jpg
355,Shakugan no Shana,"Action, Drama, Romance, School, Supernatural","Genres: Action, Drama, Romance, School, Supernatural. Studio: J.C.Staff. Rating: 7.43",https://cdn.myanimelist.net/images/anime/8/21197.jpg
36296,Hinamatsuri,"Childcare, Comedy, Organized Crime, Seinen, Super Power","Genres: Childcare, Comedy, Organized Crime, Seinen, Super Power. Studio: feel.. Rating: 8.11",https://cdn.myanimelist.net/images/anime/1580/93526.webp
35839,Sora yori mo Tooi Basho,"Adventure, CGDCT, Comedy, Drama","Genres: Adventure, CGDCT, Comedy, Drama. Studio: Madhouse. Rating: 8.5",https://cdn.myanimelist.net/images/anime/6/89879.jpg
32105,Sousei no Onmyouji,"Action, Fantasy, Mythology, Romance, Shounen, Urban Fantasy","Genres: Action, Fantasy, Mythology, Romance, Shounen, Urban Fantasy. Studio: Studio Pierrot. Rating: 7.29",https://cdn.myanimelist.net/images/anime/12/79556.webp
51180,Youkoso Jitsuryoku Shijou Shugi no Kyoushitsu e 3rd Season,"Drama, Psychological, School, Suspense","Genres: Drama, Psychological, School, Suspense. Studio: Lerche. Rating: 7.91",https://cdn.myanimelist.net/images/anime/1332/139318.jpg
5681,Summer Wars,"Award Winning, Comedy, Sci-Fi","Genres: Award Winning, Comedy, Sci-Fi. Studio: Madhouse. Rating: 8.01",https://cdn.myanimelist.net/images/anime/1593/116751.jpg
54595,Kage no Jitsuryokusha ni Naritakute! 2nd Season,"Action, Comedy, Fantasy, Isekai, Reincarnation","Genres: Action, Comedy, Fantasy, Isekai, Reincarnation. Studio: Nexus. Rating: 8.24",https://cdn.myanimelist.net/images/anime/1938/138295.jpg
8861,Yosuga no Sora,"Drama, Ecchi, Harem, Romance","Genres: Drama, Ecchi, Harem, Romance. Studio: feel.. Rating: 5.98",https://cdn.myanimelist.net/images/anime/5/76216.webp
36563,Megalo Box,"Adult Cast, Combat Sports, Sci-Fi, Sports","Genres: Adult Cast, Combat Sports, Sci-Fi, Sports. Studio: TMS Entertainment. Rating: 7.87",https://cdn.myanimelist.net/images/anime/1958/93533.webp
41084,Made in Abyss: Retsujitsu no Ougonkyou,"Adventure, Drama, Fantasy, Gore, Mystery, Sci-Fi","Genres: Adventure, Drama, Fantasy, Gore, Mystery, Sci-Fi. Studio: Kinema Citrus. Rating: 8.59",https://cdn.myanimelist.net/images/anime/1864/122519.webp
34798,Yuru Camp△,"CGDCT, Iyashikei, Slice of Life","Genres: CGDCT, Iyashikei, Slice of Life. Studio: C-Station. Rating: 8.26",https://cdn.myanimelist.net/images/anime/4/89877.jpg
39463,Gleipnir,"Action, Ecchi, Mystery, Seinen, Super Power","Genres: Action, Ecchi, Mystery, Seinen, Super Power. Studio: PINE JAM. Rating: 6.94",https://cdn.myanimelist.net/images/anime/1808/111697.webp
34561,Re:Creators,"Action, Fantasy, Urban Fantasy","Genres: Action, Fantasy, Urban Fantasy. Studio: TROYCA. Rating: 7.55",https://cdn.myanimelist.net/images/anime/11/85469.jpg
36862,Made in Abyss Movie 3: Fukaki Tamashii no Reimei,"Adventure, Drama, Fantasy, Gore, Mystery, Sci-Fi","Genres: Adventure, Drama, Fantasy, Gore, Mystery, Sci-Fi. Studio: Kinema Citrus. Rating: 8.6",https://cdn.myanimelist.net/images/anime/1803/117183.jpg
40787,Josee to Tora to Sakana-tachi,"Adult Cast, Drama, Romance, Visual Arts","Genres: Adult Cast, Drama, Romance, Visual Arts. Studio: Bones. Rating: 8.38",https://cdn.myanimelist.net/images/anime/1714/108892.webp
59062,Gachiakuta,"Action, Fantasy, Shounen","Genres: Action, Fantasy, Shounen. Studio: Bones Film. Rating: 8.21",https://cdn.myanimelist.net/images/anime/1682/150432.jpg
513,Tenkuu no Shiro Laputa,"Adventure, Award Winning, Fantasy","Genres: Adventure, Award Winning, Fantasy. Studio: Studio Ghibli. Rating: 8.26",https://cdn.myanimelist.net/images/anime/5/37799.jpg
58514,Kusuriya no Hitorigoto 2nd Season,"Drama, Historical, Medical, Mystery","Genres: Drama, Historical, Medical, Mystery. Studio: OLM, TOHO animation STUDIO. Rating: 8.9",https://cdn.myanimelist.net/images/anime/1025/147458.jpg
37171,Asobi Asobase,"Comedy, Gag Humor, School, Seinen","Genres: Comedy, Gag Humor, School, Seinen. Studio: Lerche. Rating: 8.19",https://cdn.myanimelist.net/images/anime/1139/95077.jpg
39017,Kyokou Suiri,"Adult Cast, Mystery, Mythology, Romance, Shounen, Supernatural","Genres: Adult Cast, Mystery, Mythology, Romance, Shounen, Supernatural. Studio: Brain's Base. Rating: 6.92",https://cdn.myanimelist.net/images/anime/1310/117188.webp
22729,Aldnoah.Zero,"Mecha, Military, Sci-Fi","Genres: Mecha, Military, Sci-Fi. Studio: A-1 Pictures, TROYCA. Rating: 7.38",https://cdn.myanimelist.net/images/anime/7/60263.webp
57555,Chainsaw Man Movie: Reze-hen,"Action, Fantasy, Gore, Shounen, Urban Fantasy","Genres: Action, Fantasy, Gore, Shounen, Urban Fantasy. Studio: MAPPA. Rating: 9.05",https://cdn.myanimelist.net/images/anime/1763/150638.webp
37976,Zombieland Saga,"Award Winning, Comedy, Idols (Female), Music, Parody, Supernatural","Genres: Award Winning, Comedy, Idols (Female), Music, Parody, Supernatural. Studio: MAPPA. Rating: 7.5",https://cdn.myanimelist.net/images/anime/1084/128208.webp
54857,Re:Zero kara Hajimeru Isekai Seikatsu 3rd Season,"Drama, Fantasy, Isekai, Psychological, Suspense, Time Travel","Genres: Drama, Fantasy, Isekai, Psychological, Suspense, Time Travel. Studio: White Fox. Rating: 8.42",https://cdn.myanimelist.net/images/anime/1706/144725.jpg
55791,[Oshi no Ko] 2nd Season,"Drama, Reincarnation, Seinen, Showbiz","Genres: Drama, Reincarnation, Seinen, Showbiz. Studio: Doga Kobo. Rating: 8.5",https://cdn.myanimelist.net/images/anime/1006/143302.jpg
46352,Blue Period,"Drama, School, Seinen, Visual Arts","Genres: Drama, School, Seinen, Visual Arts. Studio: Seven Arcs. Rating: 7.79",https://cdn.myanimelist.net/images/anime/1757/116931.webp
41226,Uzaki-chan wa Asobitai!,"Adult Cast, Comedy, Love Status Quo, Romance","Genres: Adult Cast, Comedy, Love Status Quo, Romance. Studio: ENGI. Rating: 6.95",https://cdn.myanimelist.net/images/anime/1540/108292.jpg
71,Full Metal Panic!,"Comedy, Mecha, Military","Genres: Comedy, Mecha, Military. Studio: Gonzo. Rating: 7.59",https://cdn.myanimelist.net/images/anime/2/75259.webp
34881,Aho Girl,"Comedy, Gag Humor, School, Shounen","Genres: Comedy, Gag Humor, School, Shounen. Studio: Diomedéa. Rating: 6.71",https://cdn.myanimelist.net/images/anime/7/86665.webp
1840,Zero no Tsukaima: Futatsuki no Kishi,"Action, Adventure, Comedy, Ecchi, Fantasy, Harem, Isekai, Romance, School","Genres: Action, Adventure, Comedy, Ecchi, Fantasy, Harem, Isekai, Romance, School. Studio: J.C.Staff. Rating: 7.38",https://cdn.myanimelist.net/images/anime/2/22740.jpg
14833,Maoyuu Maou Yuusha,"Adventure, Fantasy, Romance","Genres: Adventure, Fantasy, Romance. Studio: Arms. Rating: 7.22",https://cdn.myanimelist.net/images/anime/4/46041.webp
40357,Tate no Yuusha no Nariagari Season 3,"Action, Adventure, Drama, Fantasy, Isekai","Genres: Action, Adventure, Drama, Fantasy, Isekai. Studio: Kinema Citrus. Rating: 7.07",https://cdn.myanimelist.net/images/anime/1317/139802.jpg
48413,Hataraku Maou-sama!!,"Comedy, Supernatural","Genres: Comedy, Supernatural. Studio: Studio 3Hz. Rating: 6.65",https://cdn.myanimelist.net/images/anime/1502/124354.webp
58939,Sakamoto Days,"Action, Adult Cast, Comedy, Organized Crime, Shounen","Genres: Action, Adult Cast, Comedy, Organized Crime, Shounen. Studio: TMS Entertainment. Rating: 7.59",https://cdn.myanimelist.net/images/anime/1026/146459.webp
11013,Inu x Boku SS,"Comedy, Mythology, Romance, Shounen, Supernatural","Genres: Comedy, Mythology, Romance, Shounen, Supernatural. Studio: David Production. Rating: 7.35",https://cdn.myanimelist.net/images/anime/1760/98794.jpg
54744,Tokidoki Bosotto Russia-go de Dereru Tonari no Alya-san,"Comedy, Romance, School","Genres: Comedy, Romance, School. Studio: Doga Kobo. Rating: 7.53",https://cdn.myanimelist.net/images/anime/1596/152806.jpg
10162,Usagi Drop,"Childcare, Iyashikei, Josei, Slice of Life","Genres: Childcare, Iyashikei, Josei, Slice of Life. Studio: Production I.G. Rating: 8.31",https://cdn.myanimelist.net/images/anime/1460/98853.jpg
45,Rurouni Kenshin: Meiji Kenkaku Romantan,"Action, Comedy, Historical, Romance, Samurai, Shounen","Genres: Action, Comedy, Historical, Romance, Samurai, Shounen. Studio: Gallop, Studio Deen. Rating: 8.27",https://cdn.myanimelist.net/images/anime/1346/119505.jpg
55813,Mashle: Shinkakusha Kouho Senbatsu Shiken-hen,"Action, Comedy, Fantasy, Gag Humor, Parody, School, Shounen","Genres: Action, Comedy, Fantasy, Gag Humor, Parody, School, Shounen. Studio: A-1 Pictures. Rating: 7.77",https://cdn.myanimelist.net/images/anime/1912/140804.webp
10110,Mayo Chiki!,"Comedy, Crossdressing, Ecchi, Harem, Romance, School","Genres: Comedy, Crossdressing, Ecchi, Harem, Romance, School. Studio: feel.. Rating: 7.2",https://cdn.myanimelist.net/images/anime/13/29971.webp
52305,Tomo-chan wa Onnanoko!,"Comedy, Romance, School","Genres: Comedy, Romance, School. Studio: Lay-duce. Rating: 7.7",https://cdn.myanimelist.net/images/anime/1444/131828.webp
35557,Houseki no Kuni,"Action, Anthropomorphic, Drama, Fantasy, Mystery, Seinen","Genres: Action, Anthropomorphic, Drama, Fantasy, Mystery, Seinen. Studio: Orange. Rating: 8.39",https://cdn.myanimelist.net/images/anime/3/88293.jpg
1889,Higurashi no Naku Koro ni Kai,"Gore, Horror, Mystery, Psychological, Suspense","Genres: Gore, Horror, Mystery, Psychological, Suspense. Studio: Studio Deen. Rating: 8.16",https://cdn.myanimelist.net/images/anime/12/14114.webp
5341,Ookami to Koushinryou II,"Adult Cast, Adventure, Drama, Romance, Supernatural","Genres: Adult Cast, Adventure, Drama, Romance, Supernatural. Studio: Brain's Base, Marvy Jack. Rating: 8.3",https://cdn.myanimelist.net/images/anime/6/59399.jpg
25537,Fate/stay night Movie: Heaven's Feel - I. Presage Flower,"Action, Fantasy, Urban Fantasy","Genres: Action, Fantasy, Urban Fantasy. Studio: ufotable. Rating: 8.14",https://cdn.myanimelist.net/images/anime/1274/102213.jpg
8675,Seitokai Yakuindomo,"Comedy, Gag Humor, School, Shounen","Genres: Comedy, Gag Humor, School, Shounen. Studio: GoHands. Rating: 7.54",https://cdn.myanimelist.net/images/anime/4/75550.jpg
31741,Magi: Sinbad no Bouken (TV),"Action, Adventure, Fantasy, Shounen","Genres: Action, Adventure, Fantasy, Shounen. Studio: Lay-duce. Rating: 7.83",https://cdn.myanimelist.net/images/anime/10/78783.jpg
46102,Odd Taxi,"Adult Cast, Anthropomorphic, Award Winning, Drama, Mystery, Organized Crime, Suspense","Genres: Adult Cast, Anthropomorphic, Award Winning, Drama, Mystery, Organized Crime, Suspense. Studio: OLM, P.I.C.S.. Rating: 8.62",https://cdn.myanimelist.net/images/anime/1981/113348.jpg
50594,Suzume no Tojimari,"Adventure, Mythology, Supernatural","Genres: Adventure, Mythology, Supernatural. Studio: CoMix Wave Films. Rating: 8.23",https://cdn.myanimelist.net/images/anime/1598/128450.jpg
31758,Kizumonogatari III: Reiketsu-hen,"Action, Mystery, Supernatural, Vampire","Genres: Action, Mystery, Supernatural, Vampire. Studio: Shaft. Rating: 8.78",https://cdn.myanimelist.net/images/anime/1084/112813.jpg
16011,Tokyo Ravens,"Action, Fantasy, Romance, School, Urban Fantasy","Genres: Action, Fantasy, Romance, School, Urban Fantasy. Studio: 8bit. Rating: 7.4",https://cdn.myanimelist.net/images/anime/13/75094.jpg
59,Chobits,"Comedy, Drama, Ecchi, Romance, Sci-Fi, Seinen","Genres: Comedy, Drama, Ecchi, Romance, Sci-Fi, Seinen. Studio: Madhouse. Rating: 7.39",https://cdn.myanimelist.net/images/anime/4/24648.jpg
32093,Tanaka-kun wa Itsumo Kedaruge,"Iyashikei, School, Slice of Life","Genres: Iyashikei, School, Slice of Life. Studio: SILVER LINK.. Rating: 7.79",https://cdn.myanimelist.net/images/anime/1189/111994.jpg
34662,Fate/Apocrypha,"Action, Fantasy, Urban Fantasy","Genres: Action, Fantasy, Urban Fantasy. Studio: A-1 Pictures. Rating: 7.2",https://cdn.myanimelist.net/images/anime/9/86573.webp
37984,"Kumo desu ga, Nani ka?","Action, Adventure, Comedy, Fantasy, Isekai, Reincarnation","Genres: Action, Adventure, Comedy, Fantasy, Isekai, Reincarnation. Studio: Millepensee. Rating: 7.44",https://cdn.myanimelist.net/images/anime/1593/113724.jpg
38555,Otome Game no Hametsu Flag shika Nai Akuyaku Reijou ni Tensei shiteshimatta...,"Comedy, Fantasy, Isekai, Reverse Harem, Romance, School, Shoujo, Villainess","Genres: Comedy, Fantasy, Isekai, Reverse Harem, Romance, School, Shoujo, Villainess. Studio: SILVER LINK.. Rating: 7.44",https://cdn.myanimelist.net/images/anime/1483/107061.webp
27989,Hibike! Euphonium,"Drama, Music, Performing Arts, School","Genres: Drama, Music, Performing Arts, School. Studio: Kyoto Animation. Rating: 8.03",https://cdn.myanimelist.net/images/anime/1517/142072.jpg
36038,Net-juu no Susume,"Adult Cast, Comedy, Romance, Video Game","Genres: Adult Cast, Comedy, Romance, Video Game. Studio: Signal.MD. Rating: 7.51",https://cdn.myanimelist.net/images/anime/3/87463.webp
23199,Durarara!!x2 Shou,"Action, Mystery, Supernatural","Genres: Action, Mystery, Supernatural. Studio: Shuka. Rating: 7.97",https://cdn.myanimelist.net/images/anime/12/67743.jpg
40911,Yuukoku no Moriarty,"Adult Cast, Historical, Mystery, Organized Crime, Psychological, Shounen, Suspense","Genres: Adult Cast, Historical, Mystery, Organized Crime, Psychological, Shounen, Suspense. Studio: Production I.G. Rating: 8.17",https://cdn.myanimelist.net/images/anime/1464/108330.webp
31181,Owarimonogatari,"Comedy, Mystery, Supernatural, Vampire","Genres: Comedy, Mystery, Supernatural, Vampire. Studio: Shaft. Rating: 8.45",https://cdn.myanimelist.net/images/anime/8/76479.jpg
18397,Shingeki no Kyojin OVA,"Action, Drama, Gore, Shounen, Survival, Suspense","Genres: Action, Drama, Gore, Shounen, Survival, Suspense. Studio: Wit Studio. Rating: 7.9",https://cdn.myanimelist.net/images/anime/9/59221.webp
38483,Ore wo Suki nano wa Omae dake ka yo,"Comedy, Harem, Romance, School","Genres: Comedy, Harem, Romance, School. Studio: Connect. Rating: 7.29",https://cdn.myanimelist.net/images/anime/1348/102797.jpg
5958,Sora no Otoshimono,"Comedy, Ecchi, Harem, Romance, Sci-Fi, Shounen, Supernatural","Genres: Comedy, Ecchi, Harem, Romance, Sci-Fi, Shounen, Supernatural. Studio: AIC ASTA. Rating: 7.22",https://cdn.myanimelist.net/images/anime/1623/151209.webp
40010,Ishuzoku Reviewers,"Comedy, Erotica, Fantasy","Genres: Comedy, Erotica, Fantasy. Studio: Passione. Rating: 7.39",https://cdn.myanimelist.net/images/anime/1870/105970.jpg
41168,Nakitai Watashi wa Neko wo Kaburu,"Award Winning, Drama, Romance, School, Supernatural","Genres: Award Winning, Drama, Romance, School, Supernatural. Studio: Studio Colorido. Rating: 7.36",https://cdn.myanimelist.net/images/anime/1045/106389.webp
23673,Ookami Shoujo to Kuro Ouji,"Comedy, Romance, School, Shoujo","Genres: Comedy, Romance, School, Shoujo. Studio: TYO Animations. Rating: 6.98",https://cdn.myanimelist.net/images/anime/1728/147375.jpg
50273,Tomodachi Game,"High Stakes Game, Psychological, Shounen, Strategy Game, Suspense","Genres: High Stakes Game, Psychological, Shounen, Strategy Game, Suspense. Studio: Okuruto Noboru. Rating: 7.7",https://cdn.myanimelist.net/images/anime/1247/121345.webp
54789,Boku no Hero Academia 7th Season,"Action, School, Shounen, Super Power","Genres: Action, School, Shounen, Super Power. Studio: Bones. Rating: 8.14",https://cdn.myanimelist.net/images/anime/1573/157212.jpg
53065,Sono Bisque Doll wa Koi wo Suru Season 2,"Otaku Culture, Romance, School, Seinen","Genres: Otaku Culture, Romance, School, Seinen. Studio: CloverWorks. Rating: 8.16",https://cdn.myanimelist.net/images/anime/1024/150787.webp
35851,Sayonara no Asa ni Yakusoku no Hana wo Kazarou,"Drama, Fantasy","Genres: Drama, Fantasy. Studio: P.A. Works. Rating: 8.4",https://cdn.myanimelist.net/images/anime/11/89556.jpg
53580,Tensei shitara Slime Datta Ken 3rd Season,"Action, Comedy, Fantasy, Isekai, Reincarnation, Shounen","Genres: Action, Comedy, Fantasy, Isekai, Reincarnation, Shounen. Studio: 8bit. Rating: 7.71",https://cdn.myanimelist.net/images/anime/1211/143476.webp
28755,Boruto: Naruto the Movie,"Action, Adventure, Fantasy, Martial Arts, Shounen","Genres: Action, Adventure, Fantasy, Martial Arts, Shounen. Studio: Studio Pierrot. Rating: 7.37",https://cdn.myanimelist.net/images/anime/4/78280.jpg
7785,Yojouhan Shinwa Taikei,"Adult Cast, Award Winning, Comedy, Mystery, Psychological, Romance, Suspense, Time Travel","Genres: Adult Cast, Award Winning, Comedy, Mystery, Psychological, Romance, Suspense, Time Travel. Studio: Madhouse. Rating: 8.55",https://cdn.myanimelist.net/images/anime/1633/123689.webp
40935,Beastars 2nd Season,"Anthropomorphic, Drama, Psychological, School, Shounen, Suspense","Genres: Anthropomorphic, Drama, Psychological, School, Shounen, Suspense. Studio: Orange. Rating: 7.75",https://cdn.myanimelist.net/images/anime/1097/109646.jpg
10800,Chihayafuru,"Drama, Josei, Love Polygon, Romance, School, Sports, Strategy Game","Genres: Drama, Josei, Love Polygon, Romance, School, Sports, Strategy Game. Studio: Madhouse. Rating: 8.17",https://cdn.myanimelist.net/images/anime/1959/156735.jpg
37345,Plunderer,"Action, Ecchi, Fantasy, Military, Romance, Shounen","Genres: Action, Ecchi, Fantasy, Military, Romance, Shounen. Studio: Geek Toys. Rating: 6.65",https://cdn.myanimelist.net/images/anime/1534/104784.jpg
3785,Evangelion Movie 3: Q,"Award Winning, Drama, Mecha, Psychological, Sci-Fi, Suspense","Genres: Award Winning, Drama, Mecha, Psychological, Sci-Fi, Suspense. Studio: Khara. Rating: 7.67",https://cdn.myanimelist.net/images/anime/9/43201.jpg
41433,Akudama Drive,"Action, Adult Cast, Gore, Sci-Fi, Suspense","Genres: Action, Adult Cast, Gore, Sci-Fi, Suspense. Studio: Studio Pierrot. Rating: 7.56",https://cdn.myanimelist.net/images/anime/1468/109172.jpg
32899,Watashi ga Motete Dousunda,"Comedy, Otaku Culture, Reverse Harem, Romance, School, Shoujo","Genres: Comedy, Otaku Culture, Reverse Harem, Romance, School, Shoujo. Studio: Brain's Base. Rating: 6.92",https://cdn.myanimelist.net/images/anime/4/81953.webp
59845,Kaoru Hana wa Rin to Saku,"Drama, Romance, School","Genres: Drama, Romance, School. Studio: CloverWorks. Rating: 8.47",https://cdn.myanimelist.net/images/anime/1744/150433.jpg
31757,Kizumonogatari II: Nekketsu-hen,"Action, Mystery, Supernatural, Vampire","Genres: Action, Mystery, Supernatural, Vampire. Studio: Shaft. Rating: 8.56",https://cdn.myanimelist.net/images/anime/1981/112812.jpg
44074,Shiguang Dailiren,"Adult Cast, Drama, Mystery, Super Power, Suspense, Time Travel","Genres: Adult Cast, Drama, Mystery, Super Power, Suspense, Time Travel. Studio: LAN Studio. Rating: 8.7",https://cdn.myanimelist.net/images/anime/1135/114867.jpg
31636,Dagashi Kashi,"Gourmet, Shounen, Slice of Life","Genres: Gourmet, Shounen, Slice of Life. Studio: feel.. Rating: 6.6",https://cdn.myanimelist.net/images/anime/1538/95686.webp
32887,Dungeon ni Deai wo Motomeru no wa Machigatteiru Darou ka Gaiden: Sword Oratoria,"Action, Adventure, Fantasy","Genres: Action, Adventure, Fantasy. Studio: J.C.Staff. Rating: 7.09",https://cdn.myanimelist.net/images/anime/1181/123312.jpg
232,Cardcaptor Sakura,"Adventure, Comedy, Drama, Mahou Shoujo, Romance, School, Shoujo","Genres: Adventure, Comedy, Drama, Mahou Shoujo, Romance, School, Shoujo. Studio: Madhouse. Rating: 8.19",https://cdn.myanimelist.net/images/anime/8/60781.jpg
39741,Violet Evergarden Gaiden: Eien to Jidou Shuki Ningyou,Drama,Genres: Drama. Studio: Kyoto Animation. Rating: 8.43,https://cdn.myanimelist.net/images/anime/1667/112943.jpg
8937,Toaru Majutsu no Index II,"Action, Fantasy, Sci-Fi, Super Power, Urban Fantasy","Genres: Action, Fantasy, Sci-Fi, Super Power, Urban Fantasy. Studio: J.C.Staff. Rating: 7.51",https://cdn.myanimelist.net/images/anime/9/75612.webp
33731,Gabriel DropOut,"CGDCT, Comedy, Mythology, School, Shounen, Supernatural","Genres: CGDCT, Comedy, Mythology, School, Shounen, Supernatural. Studio: Doga Kobo. Rating: 7.42",https://cdn.myanimelist.net/images/anime/9/82590.jpg
34443,Baki,"Combat Sports, Gore, Shounen, Sports","Genres: Combat Sports, Gore, Shounen, Sports. Studio: TMS Entertainment. Rating: 7.3",https://cdn.myanimelist.net/images/anime/1979/93135.jpg
52347,"Shangri-La Frontier: Kusoge Hunter, Kamige ni Idoman to su","Action, Adventure, Fantasy, Shounen, Video Game","Genres: Action, Adventure, Fantasy, Shounen, Video Game. Studio: C2C. Rating: 8.1",https://cdn.myanimelist.net/images/anime/1500/139931.jpg
24765,Gakkougurashi!,"Horror, Mystery, Psychological, School, Slice of Life, Survival, Suspense","Genres: Horror, Mystery, Psychological, School, Slice of Life, Survival, Suspense. Studio: Lerche. Rating: 7.61",https://cdn.myanimelist.net/images/anime/1798/91548.jpg
41491,Nanatsu no Taizai: Funnu no Shinpan,"Action, Adventure, Fantasy, Shounen","Genres: Action, Adventure, Fantasy, Shounen. Studio: Studio Deen. Rating: 6.57",https://cdn.myanimelist.net/images/anime/1011/111551.webp
38186,Bokutachi wa Benkyou ga Dekinai,"Comedy, Harem, Romance, School, Shounen","Genres: Comedy, Harem, Romance, School, Shounen. Studio: Silver, Arvo Animation. Rating: 7.26",https://cdn.myanimelist.net/images/anime/1602/100510.jpg
323,Mousou Dairinin,"Adult Cast, Avant Garde, Award Winning, Detective, Drama, Mystery, Psychological, Supernatural, Suspense","Genres: Adult Cast, Avant Garde, Award Winning, Detective, Drama, Mystery, Psychological, Supernatural, Suspense. Studio: Madhouse. Rating: 7.66",https://cdn.myanimelist.net/images/anime/7/10240.webp
43692,Gokushufudou,"Adult Cast, Comedy, Gag Humor, Organized Crime","Genres: Adult Cast, Comedy, Gag Humor, Organized Crime. Studio: J.C.Staff. Rating: 7.26",https://cdn.myanimelist.net/images/anime/1535/117726.jpg
42963,"Kanojo, Okarishimasu 2nd Season","Adult Cast, Comedy, Harem, Romance, Shounen","Genres: Adult Cast, Comedy, Harem, Romance, Shounen. Studio: TMS Entertainment. Rating: 6.67",https://cdn.myanimelist.net/images/anime/1070/124592.jpg
54900,Wind Breaker,"Action, Delinquents, School","Genres: Action, Delinquents, School. Studio: CloverWorks. Rating: 7.71",https://cdn.myanimelist.net/images/anime/1438/141816.webp
34451,Kekkai Sensen & Beyond,"Action, Fantasy, Shounen, Super Power, Urban Fantasy, Vampire","Genres: Action, Fantasy, Shounen, Super Power, Urban Fantasy, Vampire. Studio: Bones. Rating: 7.77",https://cdn.myanimelist.net/images/anime/3/88282.webp
10863,Steins;Gate: Oukoubakko no Poriomania,"Comedy, Sci-Fi, Time Travel","Genres: Comedy, Sci-Fi, Time Travel. Studio: White Fox. Rating: 8.29",https://cdn.myanimelist.net/images/anime/1805/123188.webp
25681,Kamisama Hajimemashita◎,"Comedy, Mythology, Romance, Shoujo, Supernatural","Genres: Comedy, Mythology, Romance, Shoujo, Supernatural. Studio: TMS Entertainment. Rating: 8.24",https://cdn.myanimelist.net/images/anime/8/69187.jpg
54856,Horimiya: Piece,"Romance, School, Shounen","Genres: Romance, School, Shounen. Studio: CloverWorks. Rating: 8.12",https://cdn.myanimelist.net/images/anime/1007/136277.webp
36946,Dragon Ball Super: Broly,"Action, Adventure, Fantasy, Martial Arts, Shounen","Genres: Action, Adventure, Fantasy, Martial Arts, Shounen. Studio: Toei Animation. Rating: 8.21",https://cdn.myanimelist.net/images/anime/1575/93498.jpg
41120,Fugou Keiji: Balance:Unlimited,"Adult Cast, Detective, Mystery","Genres: Adult Cast, Detective, Mystery. Studio: CloverWorks. Rating: 7.5",https://cdn.myanimelist.net/images/anime/1066/106556.webp
1691,Kaze no Stigma,"Action, Romance, Supernatural","Genres: Action, Romance, Supernatural. Studio: Gonzo. Rating: 7.15",https://cdn.myanimelist.net/images/anime/1558/100478.webp
24405,World Trigger,"Action, Sci-Fi, Shounen","Genres: Action, Sci-Fi, Shounen. Studio: Toei Animation. Rating: 7.58",https://cdn.myanimelist.net/images/anime/1783/106843.jpg
25835,Shirobako,"Adult Cast, Award Winning, Comedy, Drama, Otaku Culture, Workplace","Genres: Adult Cast, Award Winning, Comedy, Drama, Otaku Culture, Workplace. Studio: P.A. Works. Rating: 8.26",https://cdn.myanimelist.net/images/anime/1460/141897.webp
15225,Hentai Ouji to Warawanai Neko.,"Comedy, Harem, Romance, School, Supernatural","Genres: Comedy, Harem, Romance, School, Supernatural. Studio: J.C.Staff. Rating: 7.13",https://cdn.myanimelist.net/images/anime/3/75788.webp
15051,Love Live! School Idol Project,"Idols (Female), Music, School, Slice of Life","Genres: Idols (Female), Music, School, Slice of Life. Studio: Sunrise. Rating: 7.41",https://cdn.myanimelist.net/images/anime/11/56849.webp
41623,Isekai Maou to Shoukan Shoujo no Dorei Majutsu Ω,"Action, Comedy, Ecchi, Fantasy, Harem, Isekai, Romance","Genres: Action, Comedy, Ecchi, Fantasy, Harem, Isekai, Romance. Studio: Tezuka Productions, Okuruto Noboru. Rating: 6.68",https://cdn.myanimelist.net/images/anime/1011/113703.jpg
3712,Zero no Tsukaima: Princesses no Rondo,"Action, Adventure, Comedy, Ecchi, Fantasy, Harem, Isekai, Romance, School","Genres: Action, Adventure, Comedy, Ecchi, Fantasy, Harem, Isekai, Romance, School. Studio: J.C.Staff. Rating: 7.31",https://cdn.myanimelist.net/images/anime/6/10256.webp
40507,Arifureta Shokugyou de Sekai Saikyou 2nd Season,"Action, Adventure, Fantasy, Harem, Isekai","Genres: Action, Adventure, Fantasy, Harem, Isekai. Studio: asread., studio MOTHER. Rating: 7.12",https://cdn.myanimelist.net/images/anime/1877/119668.webp
41710,Genjitsu Shugi Yuusha no Oukoku Saikenki,"Action, Fantasy, Harem, Isekai, Military, Romance","Genres: Action, Fantasy, Harem, Isekai, Military, Romance. Studio: J.C.Staff. Rating: 7.25",https://cdn.myanimelist.net/images/anime/1297/118764.webp
50739,Otonari no Tenshi-sama ni Itsunomanika Dame Ningen ni Sareteita Ken,"Romance, School","Genres: Romance, School. Studio: Project No.9. Rating: 7.85",https://cdn.myanimelist.net/images/anime/1240/133638.webp
16417,Tamako Market,"Iyashikei, Slice of Life","Genres: Iyashikei, Slice of Life. Studio: Kyoto Animation. Rating: 7.41",https://cdn.myanimelist.net/images/anime/1669/122434.jpg
268,Golden Boy,"Adult Cast, Adventure, Comedy, Ecchi, Gag Humor, Seinen, Workplace","Genres: Adult Cast, Adventure, Comedy, Ecchi, Gag Humor, Seinen, Workplace. Studio: APPP. Rating: 8.04",https://cdn.myanimelist.net/images/anime/3/62867.webp
31737,Gakusen Toshi Asterisk 2nd Season,"Action, Comedy, Ecchi, Fantasy, Harem, Romance, School, Urban Fantasy","Genres: Action, Comedy, Ecchi, Fantasy, Harem, Romance, School, Urban Fantasy. Studio: A-1 Pictures. Rating: 6.98",https://cdn.myanimelist.net/images/anime/11/79107.jpg
36028,Golden Kamuy,"Action, Adult Cast, Adventure, Historical, Military, Seinen","Genres: Action, Adult Cast, Adventure, Historical, Military, Seinen. Studio: Geno Studio. Rating: 7.89",https://cdn.myanimelist.net/images/anime/1145/90880.webp
10161,No.6,"Action, Drama, Mystery, Sci-Fi","Genres: Action, Drama, Mystery, Sci-Fi. Studio: Bones. Rating: 7.55",https://cdn.myanimelist.net/images/anime/1474/90768.webp
40571,Majo no Tabitabi,"Adventure, Fantasy","Genres: Adventure, Fantasy. Studio: C2C. Rating: 7.56",https://cdn.myanimelist.net/images/anime/1802/108501.jpg
44203,Seirei Gensouki,"Action, Adventure, Fantasy, Harem, Isekai, Reincarnation, Romance","Genres: Action, Adventure, Fantasy, Harem, Isekai, Reincarnation, Romance. Studio: TMS Entertainment. Rating: 7.06",https://cdn.myanimelist.net/images/anime/1836/116060.jpg
237,Koukyoushihen Eureka Seven,"Adventure, Drama, Mecha, Romance, Sci-Fi","Genres: Adventure, Drama, Mecha, Romance, Sci-Fi. Studio: Bones. Rating: 8.05",https://cdn.myanimelist.net/images/anime/12/34443.webp
13161,Hagure Yuusha no Aesthetica,"Action, Ecchi, Fantasy, School, Urban Fantasy","Genres: Action, Ecchi, Fantasy, School, Urban Fantasy. Studio: Arms. Rating: 6.68",https://cdn.myanimelist.net/images/anime/9/74047.jpg
21603,Mekakucity Actors,"Drama, Mystery, Sci-Fi, Super Power","Genres: Drama, Mystery, Sci-Fi, Super Power. Studio: Shaft. Rating: 7.01",https://cdn.myanimelist.net/images/anime/11/61519.webp
28805,Bakemono no Ko,"Anthropomorphic, Fantasy, Isekai","Genres: Anthropomorphic, Fantasy, Isekai. Studio: Studio Chizu. Rating: 8.22",https://cdn.myanimelist.net/images/anime/11/73540.webp
52578,Boku no Kokoro no Yabai Yatsu,"Comedy, Romance, School, Shounen","Genres: Comedy, Romance, School, Shounen. Studio: Shin-Ei Animation. Rating: 8.19",https://cdn.myanimelist.net/images/anime/1545/133887.jpg
13659,Ore no Imouto ga Konnani Kawaii Wake ga Nai.,"Comedy, Otaku Culture, Romance","Genres: Comedy, Otaku Culture, Romance. Studio: A-1 Pictures. Rating: 6.88",https://cdn.myanimelist.net/images/anime/1325/100406.jpg
2593,Kara no Kyoukai Movie 1: Fukan Fuukei,"Action, Fantasy, Mystery, Suspense, Urban Fantasy","Genres: Action, Fantasy, Mystery, Suspense, Urban Fantasy. Studio: ufotable. Rating: 7.55",https://cdn.myanimelist.net/images/anime/12/21741.webp
17549,Non Non Biyori,"CGDCT, Iyashikei, School, Seinen, Slice of Life","Genres: CGDCT, Iyashikei, School, Seinen, Slice of Life. Studio: SILVER LINK.. Rating: 7.94",https://cdn.myanimelist.net/images/anime/2/51581.jpg
21855,Hanamonogatari,"Comedy, Mystery, Supernatural","Genres: Comedy, Mystery, Supernatural. Studio: Shaft. Rating: 7.91",https://cdn.myanimelist.net/images/anime/13/65755.jpg
31953,New Game!,"Adult Cast, CGDCT, Comedy, Workplace","Genres: Adult Cast, CGDCT, Comedy, Workplace. Studio: Doga Kobo. Rating: 7.55",https://cdn.myanimelist.net/images/anime/9/80417.jpg
6956,Working!!,"Comedy, Love Status Quo, Romance, Seinen, Workplace","Genres: Comedy, Love Status Quo, Romance, Seinen, Workplace. Studio: A-1 Pictures. Rating: 7.63",https://cdn.myanimelist.net/images/anime/10/75262.jpg
40586,"Slime Taoshite 300-nen, Shiranai Uchi ni Level Max ni Nattemashita","CGDCT, Comedy, Fantasy, Isekai","Genres: CGDCT, Comedy, Fantasy, Isekai. Studio: Revoroot. Rating: 6.88",https://cdn.myanimelist.net/images/anime/1888/133089.jpg
5530,Pandora Hearts,"Adventure, Fantasy, Mystery, Shounen","Genres: Adventure, Fantasy, Mystery, Shounen. Studio: Xebec. Rating: 7.64",https://cdn.myanimelist.net/images/anime/4/75535.jpg
25159,Inou-Battle wa Nichijou-kei no Naka de,"Comedy, Harem, School, Super Power","Genres: Comedy, Harem, School, Super Power. Studio: Trigger. Rating: 7.04",https://cdn.myanimelist.net/images/anime/8/67047.jpg
34934,Koi to Uso,"Drama, Love Polygon, Romance, School","Genres: Drama, Love Polygon, Romance, School. Studio: LIDENFILMS. Rating: 6.47",https://cdn.myanimelist.net/images/anime/5/86663.webp
12445,Tasogare Otome x Amnesia,"Horror, Mystery, Romance, School, Shounen, Supernatural","Genres: Horror, Mystery, Romance, School, Shounen, Supernatural. Studio: SILVER LINK.. Rating: 7.81",https://cdn.myanimelist.net/images/anime/12/64435.webp
52807,One Punch Man 3,"Action, Adult Cast, Comedy, Parody, Seinen, Super Power","Genres: Action, Adult Cast, Comedy, Parody, Seinen, Super Power. Studio: J.C.Staff. Rating: 4.76",https://cdn.myanimelist.net/images/anime/1168/148347.jpg
35466,ReLIFE: Kanketsu-hen,"Drama, Romance, School","Genres: Drama, Romance, School. Studio: TMS Entertainment. Rating: 8.21",https://cdn.myanimelist.net/images/anime/1566/91061.jpg
33502,Shuumatsu Nani Shitemasu ka? Isogashii desu ka? Sukutte Moratte Ii desu ka?,"Drama, Fantasy, Romance, Sci-Fi","Genres: Drama, Fantasy, Romance, Sci-Fi. Studio: Satelight, C2C. Rating: 7.67",https://cdn.myanimelist.net/images/anime/4/85260.webp
8795,Panty & Stocking with Garterbelt,"Action, Comedy, Ecchi, Fantasy, Gag Humor, Parody","Genres: Action, Comedy, Ecchi, Fantasy, Gag Humor, Parody. Studio: Gainax. Rating: 7.74",https://cdn.myanimelist.net/images/anime/1296/142674.jpg
50425,"Fuufu Ijou, Koibito Miman.","Love Polygon, Romance, School, Seinen","Genres: Love Polygon, Romance, School, Seinen. Studio: studio MOTHER. Rating: 7.6",https://cdn.myanimelist.net/images/anime/1713/126442.jpg
11319,Zero no Tsukaima F,"Action, Adventure, Comedy, Ecchi, Fantasy, Harem, Isekai, Romance, School","Genres: Action, Adventure, Comedy, Ecchi, Fantasy, Harem, Isekai, Romance, School. Studio: J.C.Staff. Rating: 7.41",https://cdn.myanimelist.net/images/anime/2/75559.jpg
55644,Dr. Stone: New World Part 2,"Adventure, Comedy, Shounen","Genres: Adventure, Comedy, Shounen. Studio: TMS Entertainment. Rating: 8.3",https://cdn.myanimelist.net/images/anime/1236/138696.jpg
40530,Jaku-Chara Tomozaki-kun,"Drama, Romance, School","Genres: Drama, Romance, School. Studio: Project No.9. Rating: 7.1",https://cdn.myanimelist.net/images/anime/1120/109232.webp
32380,Kono Subarashii Sekai ni Shukufuku wo!: Kono Subarashii Choker ni Shukufuku wo!,"Comedy, Fantasy, Isekai, Parody","Genres: Comedy, Fantasy, Isekai, Parody. Studio: Studio Deen. Rating: 7.82",https://cdn.myanimelist.net/images/anime/1649/98516.jpg
12549,"Dakara Boku wa, H ga Dekinai.","Comedy, Ecchi, Harem, Romance, School, Supernatural","Genres: Comedy, Ecchi, Harem, Romance, School, Supernatural. Studio: feel.. Rating: 6.52",https://cdn.myanimelist.net/images/anime/4/75102.jpg
28025,Tsukimonogatari,"Comedy, Ecchi, Mystery, Supernatural, Vampire","Genres: Comedy, Ecchi, Mystery, Supernatural, Vampire. Studio: Shaft. Rating: 8.08",https://cdn.myanimelist.net/images/anime/6/68259.jpg
185,Initial D First Stage,"Action, Drama, Racing, Seinen","Genres: Action, Drama, Racing, Seinen. Studio: Gallop, Studio Comet. Rating: 8.37",https://cdn.myanimelist.net/images/anime/1384/127972.webp
22145,Kuroshitsuji: Book of Circus,"Action, Historical, Mystery, Mythology, Shounen, Supernatural","Genres: Action, Historical, Mystery, Mythology, Shounen, Supernatural. Studio: A-1 Pictures. Rating: 8.06",https://cdn.myanimelist.net/images/anime/6/64811.jpg
41899,Ore dake Haireru Kakushi Dungeon,"Action, Adventure, Ecchi, Fantasy, Harem","Genres: Action, Adventure, Ecchi, Fantasy, Harem. Studio: Okuruto Noboru. Rating: 6.27",https://cdn.myanimelist.net/images/anime/1988/115708.webp
22135,Ping Pong the Animation,"Award Winning, Drama, Seinen, Sports","Genres: Award Winning, Drama, Seinen, Sports. Studio: Tatsunoko Production. Rating: 8.63",https://cdn.myanimelist.net/images/anime/1586/146565.jpg
33988,Demi-chan wa Kataritai,"Comedy, Fantasy, Mythology, School, Seinen, Urban Fantasy","Genres: Comedy, Fantasy, Mythology, School, Seinen, Urban Fantasy. Studio: A-1 Pictures. Rating: 7.51",https://cdn.myanimelist.net/images/anime/8/83417.jpg
33049,Fate/stay night Movie: Heaven's Feel - II. Lost Butterfly,"Action, Fantasy, Urban Fantasy","Genres: Action, Fantasy, Urban Fantasy. Studio: ufotable. Rating: 8.46",https://cdn.myanimelist.net/images/anime/1974/98158.webp
4214,Rosario to Vampire Capu2,"Comedy, Ecchi, Fantasy, Harem, Romance, School, Shounen, Vampire","Genres: Comedy, Ecchi, Fantasy, Harem, Romance, School, Shounen, Vampire. Studio: Gonzo. Rating: 6.88",https://cdn.myanimelist.net/images/anime/6/25093.webp
22265,Free! Eternal Summer,"School, Sports","Genres: School, Sports. Studio: Kyoto Animation, Animation Do. Rating: 7.61",https://cdn.myanimelist.net/images/anime/1719/108886.jpg
35180,3-gatsu no Lion 2nd Season,"Drama, Seinen, Strategy Game","Genres: Drama, Seinen, Strategy Game. Studio: Shaft. Rating: 8.9",https://cdn.myanimelist.net/images/anime/3/88469.webp
36633,Date A Live III,"Action, Fantasy, Harem, Romance, School, Sci-Fi, Urban Fantasy","Genres: Action, Fantasy, Harem, Romance, School, Sci-Fi, Urban Fantasy. Studio: J.C.Staff. Rating: 7.19",https://cdn.myanimelist.net/images/anime/1055/100468.jpg
35247,Owarimonogatari 2nd Season,"Comedy, Mystery, Supernatural, Vampire","Genres: Comedy, Mystery, Supernatural, Vampire. Studio: Shaft. Rating: 8.86",https://cdn.myanimelist.net/images/anime/6/87322.webp
21843,Shingeki no Bahamut: Genesis,"Action, Adventure, Fantasy","Genres: Action, Adventure, Fantasy. Studio: MAPPA. Rating: 7.61",https://cdn.myanimelist.net/images/anime/2/67513.webp
29095,Grisaia no Rakuen,"Drama, Harem, Psychological, Romance, Suspense","Genres: Drama, Harem, Psychological, Romance, Suspense. Studio: 8bit. Rating: 7.72",https://cdn.myanimelist.net/images/anime/8/72855.webp
6033,Dragon Ball Kai,"Action, Adventure, Comedy, Fantasy, Martial Arts, Shounen","Genres: Action, Adventure, Comedy, Fantasy, Martial Arts, Shounen. Studio: Toei Animation. Rating: 7.79",https://cdn.myanimelist.net/images/anime/1102/133990.webp
49220,Isekai Ojisan,"Adult Cast, Comedy, Fantasy, Isekai, Parody","Genres: Adult Cast, Comedy, Fantasy, Isekai, Parody. Studio: Atelier Pontdarc. Rating: 7.74",https://cdn.myanimelist.net/images/anime/1743/125204.jpg
50608,Tokyo Revengers: Seiya Kessen-hen,"Action, Delinquents, Drama, Shounen, Time Travel","Genres: Action, Delinquents, Drama, Shounen, Time Travel. Studio: LIDENFILMS. Rating: 7.61",https://cdn.myanimelist.net/images/anime/1773/132313.jpg
4063,Sekirei,"Action, Comedy, Ecchi, Harem, Romance, Seinen, Super Power","Genres: Action, Comedy, Ecchi, Harem, Romance, Seinen, Super Power. Studio: Seven Arcs. Rating: 7.01",https://cdn.myanimelist.net/images/anime/10/15182.jpg
66,Azumanga Daiou The Animation,"CGDCT, Comedy, Gag Humor, School","Genres: CGDCT, Comedy, Gag Humor, School. Studio: J.C.Staff. Rating: 8.08",https://cdn.myanimelist.net/images/anime/1066/117358.jpg
30363,Shinmai Maou no Testament Burst,"Action, Ecchi, Harem, Supernatural","Genres: Action, Ecchi, Harem, Supernatural. Studio: Production IMS. Rating: 6.78",https://cdn.myanimelist.net/images/anime/1151/94750.jpg
39026,Dumbbell Nan Kilo Moteru?,"CGDCT, Comedy, Ecchi","Genres: CGDCT, Comedy, Ecchi. Studio: Doga Kobo. Rating: 7.21",https://cdn.myanimelist.net/images/anime/1385/101060.jpg
30749,Saijaku Muhai no Bahamut,"Action, Ecchi, Fantasy, Harem, Romance, School","Genres: Action, Ecchi, Fantasy, Harem, Romance, School. Studio: Lerche. Rating: 6.51",https://cdn.myanimelist.net/images/anime/12/76664.jpg
51553,Tongari Boushi no Atelier,"Fantasy, Seinen","Genres: Fantasy, Seinen. Studio: BUG FILMS. Rating: 8.48",https://cdn.myanimelist.net/images/anime/1726/155542.jpg
21647,Tamako Love Story,"Award Winning, Romance","Genres: Award Winning, Romance. Studio: Kyoto Animation. Rating: 7.91",https://cdn.myanimelist.net/images/anime/1417/91333.webp
481,Yu☆Gi☆Oh! Duel Monsters,"Action, Adventure, Fantasy, Shounen, Strategy Game","Genres: Action, Adventure, Fantasy, Shounen, Strategy Game. Studio: Gallop. Rating: 7.51",https://cdn.myanimelist.net/images/anime/3/77055.jpg
40046,Id:Invaded,"Adult Cast, Detective, Mystery, Psychological, Sci-Fi, Suspense","Genres: Adult Cast, Detective, Mystery, Psychological, Sci-Fi, Suspense. Studio: NAZ. Rating: 7.81",https://cdn.myanimelist.net/images/anime/1889/105337.webp
53998,Bleach: Sennen Kessen-hen - Ketsubetsu-tan,"Action, Adventure, Shounen, Supernatural","Genres: Action, Adventure, Shounen, Supernatural. Studio: Studio Pierrot. Rating: 8.7",https://cdn.myanimelist.net/images/anime/1164/138058.jpg
6675,Redline,"Action, Adult Cast, Racing, Sci-Fi","Genres: Action, Adult Cast, Racing, Sci-Fi. Studio: Madhouse. Rating: 8.29",https://cdn.myanimelist.net/images/anime/12/28553.webp
3786,Shin Evangelion Movie:||,"Award Winning, Drama, Mecha, Psychological, Sci-Fi, Suspense","Genres: Award Winning, Drama, Mecha, Psychological, Sci-Fi, Suspense. Studio: Khara. Rating: 8.58",https://cdn.myanimelist.net/images/anime/1422/113533.webp
6573,Darker than Black: Ryuusei no Gemini,"Action, Mystery, Super Power","Genres: Action, Mystery, Super Power. Studio: Bones. Rating: 7.42",https://cdn.myanimelist.net/images/anime/1189/134110.webp
43969,Kanojo mo Kanojo,"Comedy, Harem, Romance, School, Shounen","Genres: Comedy, Harem, Romance, School, Shounen. Studio: Tezuka Productions. Rating: 6.51",https://cdn.myanimelist.net/images/anime/1713/117119.jpg
32686,Keijo!!!!!!!!,"Combat Sports, Ecchi, Shounen, Sports","Genres: Combat Sports, Ecchi, Shounen, Sports. Studio: Xebec. Rating: 6.9",https://cdn.myanimelist.net/images/anime/10/81906.webp
552,Digimon Adventure,"Action, Adventure, Comedy, Fantasy, Isekai, Kids","Genres: Action, Adventure, Comedy, Fantasy, Isekai, Kids. Studio: Toei Animation. Rating: 7.79",https://cdn.myanimelist.net/images/anime/1471/99249.webp
467,Koukaku Kidoutai: Stand Alone Complex,"Adult Cast, Award Winning, Detective, Mecha, Military, Mystery, Sci-Fi, Seinen","Genres: Adult Cast, Award Winning, Detective, Mecha, Military, Mystery, Sci-Fi, Seinen. Studio: Production I.G. Rating: 8.42",https://cdn.myanimelist.net/images/anime/11/50857.jpg
41456,"Sentouin, Haken shimasu!","Action, Comedy, Fantasy, Isekai","Genres: Action, Comedy, Fantasy, Isekai. Studio: J.C.Staff. Rating: 7.13",https://cdn.myanimelist.net/images/anime/1444/115118.webp
6114,Rainbow: Nisha Rokubou no Shichinin,"Delinquents, Drama, Historical, Seinen, Suspense","Genres: Delinquents, Drama, Historical, Seinen, Suspense. Studio: Madhouse. Rating: 8.46",https://cdn.myanimelist.net/images/anime/9/72697.webp
19221,"Ore no Nounai Sentakushi ga, Gakuen Love Comedy wo Zenryoku de Jama Shiteiru","Comedy, Harem, Romance, School","Genres: Comedy, Harem, Romance, School. Studio: Diomedéa. Rating: 7.12",https://cdn.myanimelist.net/images/anime/10/53235.jpg
11981,Mahou Shoujo Madoka★Magica Movie 3: Hangyaku no Monogatari,"Award Winning, Drama, Mahou Shoujo, Psychological, Suspense","Genres: Award Winning, Drama, Mahou Shoujo, Psychological, Suspense. Studio: Shaft. Rating: 8.51",https://cdn.myanimelist.net/images/anime/5/54231.jpg
40908,Kemono Jihen,"Action, Detective, Mystery, Mythology, Shounen, Supernatural","Genres: Action, Detective, Mystery, Mythology, Shounen, Supernatural. Studio: Ajia-do. Rating: 7.35",https://cdn.myanimelist.net/images/anime/1258/108331.jpg
33475,Busou Shoujo Machiavellianism,"Action, Comedy, Ecchi, Harem, Martial Arts, School, Shounen","Genres: Action, Comedy, Ecchi, Harem, Martial Arts, School, Shounen. Studio: SILVER LINK., Connect. Rating: 6.86",https://cdn.myanimelist.net/images/anime/3/83995.jpg
27831,Durarara!!x2 Ten,"Action, Mystery, Supernatural","Genres: Action, Mystery, Supernatural. Studio: Shuka. Rating: 7.96",https://cdn.myanimelist.net/images/anime/8/74981.webp
44961,Platinum End,"Drama, Mythology, Psychological, Shounen, Supernatural, Survival, Suspense","Genres: Drama, Mythology, Psychological, Shounen, Supernatural, Survival, Suspense. Studio: Signal.MD. Rating: 6.01",https://cdn.myanimelist.net/images/anime/1992/116576.webp
37475,Kishuku Gakkou no Juliet,"Action, Comedy, Romance, School, Shounen","Genres: Action, Comedy, Romance, School, Shounen. Studio: LIDENFILMS. Rating: 7.45",https://cdn.myanimelist.net/images/anime/1908/93416.jpg
20541,Mikakunin de Shinkoukei,"Comedy, Romance, School, Supernatural","Genres: Comedy, Romance, School, Supernatural. Studio: Doga Kobo. Rating: 7.36",https://cdn.myanimelist.net/images/anime/10/75249.webp
47160,Goblin Slayer II,"Action, Adventure, Fantasy, Gore","Genres: Action, Adventure, Fantasy, Gore. Studio: LIDENFILMS. Rating: 7.21",https://cdn.myanimelist.net/images/anime/1100/138338.jpg
38472,Isekai Quartet,"Comedy, Fantasy, Isekai, Parody","Genres: Comedy, Fantasy, Isekai, Parody. Studio: Studio PuYUKAI. Rating: 7.37",https://cdn.myanimelist.net/images/anime/1965/99667.webp
530,Bishoujo Senshi Sailor Moon,"Mahou Shoujo, Romance, Shoujo","Genres: Mahou Shoujo, Romance, Shoujo. Studio: Toei Animation. Rating: 7.76",https://cdn.myanimelist.net/images/anime/1440/92258.jpg
12531,Sakamichi no Apollon,"Drama, Historical, Josei, Love Polygon, Music, Romance, School","Genres: Drama, Historical, Josei, Love Polygon, Music, Romance, School. Studio: Tezuka Productions, MAPPA. Rating: 8.29",https://cdn.myanimelist.net/images/anime/1604/98654.jpg
572,Kaze no Tani no Nausicaä,"Adventure, Award Winning, Drama, Fantasy","Genres: Adventure, Award Winning, Drama, Fantasy. Studio: Topcraft. Rating: 8.36",https://cdn.myanimelist.net/images/anime/10/75914.jpg
18247,IS: Infinite Stratos 2,"Action, Comedy, Ecchi, Harem, Romance, School, Sci-Fi","Genres: Action, Comedy, Ecchi, Harem, Romance, School, Sci-Fi. Studio: 8bit. Rating: 6.45",https://cdn.myanimelist.net/images/anime/12/49359.jpg
58059,Tsue to Tsurugi no Wistoria,"Action, Fantasy, School, Shounen","Genres: Action, Fantasy, School, Shounen. Studio: Actas, Bandai Namco Pictures. Rating: 7.86",https://cdn.myanimelist.net/images/anime/1281/144104.jpg
46471,"Tantei wa Mou, Shindeiru.","Comedy, Detective, Mystery, Romance","Genres: Comedy, Detective, Mystery, Romance. Studio: ENGI. Rating: 6.44",https://cdn.myanimelist.net/images/anime/1843/115815.jpg
20031,D-Frag!,"Comedy, School, Seinen, Strategy Game","Genres: Comedy, School, Seinen, Strategy Game. Studio: Brain's Base. Rating: 7.49",https://cdn.myanimelist.net/images/anime/1662/112108.webp
59192,Kimetsu no Yaiba Movie 1: Mugenjou-hen - Akaza Sairai,"Action, Award Winning, Historical, Shounen, Supernatural","Genres: Action, Award Winning, Historical, Shounen, Supernatural. Studio: ufotable. Rating: 8.65",https://cdn.myanimelist.net/images/anime/1681/148216.jpg
1292,Afro Samurai,"Action, Adventure, Gore, Samurai","Genres: Action, Adventure, Gore, Samurai. Studio: Gonzo. Rating: 7.38",https://cdn.myanimelist.net/images/anime/3/15874.webp
47164,Dungeon ni Deai wo Motomeru no wa Machigatteiru Darou ka IV: Shin Shou - Meikyuu-hen,"Action, Adventure, Fantasy","Genres: Action, Adventure, Fantasy. Studio: J.C.Staff. Rating: 7.75",https://cdn.myanimelist.net/images/anime/1318/126474.jpg
16049,Toaru Kagaku no Railgun S,"Action, Fantasy, Sci-Fi, Super Power, Urban Fantasy","Genres: Action, Fantasy, Sci-Fi, Super Power, Urban Fantasy. Studio: J.C.Staff. Rating: 8.0",https://cdn.myanimelist.net/images/anime/1429/152870.webp
5,Cowboy Bebop: Tengoku no Tobira,"Action, Adult Cast, Sci-Fi, Space","Genres: Action, Adult Cast, Sci-Fi, Space. Studio: Bones. Rating: 8.38",https://cdn.myanimelist.net/images/anime/1439/93480.webp
12293,Campione! Matsurowanu Kamigami to Kamigoroshi no Maou,"Action, Comedy, Ecchi, Harem, Mythology, Romance, Supernatural","Genres: Action, Comedy, Ecchi, Harem, Mythology, Romance, Supernatural. Studio: Diomedéa. Rating: 6.9",https://cdn.myanimelist.net/images/anime/13/75662.jpg
33050,Fate/stay night Movie: Heaven's Feel - III. Spring Song,"Action, Fantasy, Urban Fantasy","Genres: Action, Fantasy, Urban Fantasy. Studio: ufotable. Rating: 8.63",https://cdn.myanimelist.net/images/anime/1142/112957.jpg
48417,"Maou Gakuin no Futekigousha II: Shijou Saikyou no Maou no Shiso, Tensei shite Shison-tachi no Gakkou e Kayou","Action, Fantasy, Reincarnation, School","Genres: Action, Fantasy, Reincarnation, School. Studio: SILVER LINK.. Rating: 6.82",https://cdn.myanimelist.net/images/anime/1369/139553.webp
55825,Jigokuraku 2nd Season,"Action, Adventure, Gore, Historical, Samurai, Shounen, Supernatural","Genres: Action, Adventure, Gore, Historical, Samurai, Shounen, Supernatural. Studio: MAPPA. Rating: 8.16",https://cdn.myanimelist.net/images/anime/1772/154456.jpg
8676,Amagami SS,"Romance, School","Genres: Romance, School. Studio: AIC. Rating: 7.27",https://cdn.myanimelist.net/images/anime/10/78699.webp
11433,Ano Natsu de Matteru,"Drama, Love Polygon, Romance, Sci-Fi","Genres: Drama, Love Polygon, Romance, Sci-Fi. Studio: J.C.Staff. Rating: 7.39",https://cdn.myanimelist.net/images/anime/12/59405.jpg
10490,Blood-C,"Action, Gore, Horror, Mystery, School, Supernatural, Vampire","Genres: Action, Gore, Horror, Mystery, School, Supernatural, Vampire. Studio: Production I.G. Rating: 6.53",https://cdn.myanimelist.net/images/anime/1691/140716.jpg
585,Mimi wo Sumaseba,"Drama, Romance, Shoujo","Genres: Drama, Romance, Shoujo. Studio: Studio Ghibli. Rating: 8.23",https://cdn.myanimelist.net/images/anime/1764/138714.jpg
34626,Kono Subarashii Sekai ni Shukufuku wo! 2: Kono Subarashii Geijutsu ni Shukufuku wo!,"Adventure, Comedy, Fantasy, Isekai, Parody","Genres: Adventure, Comedy, Fantasy, Isekai, Parody. Studio: Studio Deen. Rating: 8.01",https://cdn.myanimelist.net/images/anime/1115/98517.jpg
7817,B-gata H-kei,"Comedy, Ecchi, Romance, School, Seinen","Genres: Comedy, Ecchi, Romance, School, Seinen. Studio: HAL Film Maker. Rating: 6.82",https://cdn.myanimelist.net/images/anime/1687/123304.webp
35838,Shoujo Shuumatsu Ryokou,"Adventure, Iyashikei, Mystery, Sci-Fi, Slice of Life","Genres: Adventure, Iyashikei, Mystery, Sci-Fi, Slice of Life. Studio: White Fox. Rating: 8.25",https://cdn.myanimelist.net/images/anime/12/88321.jpg
10080,Kami nomi zo Shiru Sekai II,"Comedy, Harem, Otaku Culture, Romance, School, Shounen, Supernatural","Genres: Comedy, Harem, Otaku Culture, Romance, School, Shounen, Supernatural. Studio: Manglobe. Rating: 7.86",https://cdn.myanimelist.net/images/anime/11/30030.jpg
15037,Corpse Party: Tortured Souls - Bougyakusareta Tamashii no Jukyou,"Gore, Horror, Mystery","Genres: Gore, Horror, Mystery. Studio: asread.. Rating: 6.41",https://cdn.myanimelist.net/images/anime/10/78811.webp
20853,Hitsugi no Chaika,"Action, Adventure, Fantasy, Romance","Genres: Action, Adventure, Fantasy, Romance. Studio: Bones. Rating: 7.21",https://cdn.myanimelist.net/images/anime/4/61781.jpg
21405,Bokura wa Minna Kawai-sou,"Love Status Quo, Romance, School, Seinen","Genres: Love Status Quo, Romance, School, Seinen. Studio: Brain's Base. Rating: 7.65",https://cdn.myanimelist.net/images/anime/1257/145479.webp
40060,BNA,"Action, Anthropomorphic, Fantasy, Urban Fantasy","Genres: Action, Anthropomorphic, Fantasy, Urban Fantasy. Studio: Trigger. Rating: 7.34",https://cdn.myanimelist.net/images/anime/1139/106986.webp
27833,Durarara!!x2 Ketsu,"Action, Mystery, Supernatural","Genres: Action, Mystery, Supernatural. Studio: Shuka. Rating: 8.05",https://cdn.myanimelist.net/images/anime/6/77838.jpg
41094,Xian Wang de Richang Shenghuo,"Adventure, Comedy, Fantasy, School","Genres: Adventure, Comedy, Fantasy, School. Studio: Haoliners Animation. Rating: 7.31",https://cdn.myanimelist.net/images/anime/1925/105508.jpg
52830,"Isekai de Cheat Skill wo Te ni Shita Ore wa, Genjitsu Sekai wo mo Musou Suru: Level Up wa Jinsei wo Kaeta","Action, Fantasy, Isekai","Genres: Action, Fantasy, Isekai. Studio: Millepensee. Rating: 6.32",https://cdn.myanimelist.net/images/anime/1316/134327.jpg
30727,Saenai Heroine no Sodatekata ♭,"Comedy, Ecchi, Harem, Otaku Culture, Romance, School","Genres: Comedy, Ecchi, Harem, Otaku Culture, Romance, School. Studio: A-1 Pictures. Rating: 7.76",https://cdn.myanimelist.net/images/anime/2/84797.jpg
12413,Jormungand,"Action, Adult Cast, Adventure, Military, Organized Crime, Seinen","Genres: Action, Adult Cast, Adventure, Military, Organized Crime, Seinen. Studio: White Fox. Rating: 7.79",https://cdn.myanimelist.net/images/anime/11/73280.jpg
31338,Hundred,"Action, Ecchi, Harem, Romance, School, Sci-Fi","Genres: Action, Ecchi, Harem, Romance, School, Sci-Fi. Studio: Production IMS. Rating: 6.3",https://cdn.myanimelist.net/images/anime/3/78858.webp
50461,Otome Game Sekai wa Mob ni Kibishii Sekai desu,"Fantasy, Harem, Isekai, Mecha, Reincarnation, Romance, School","Genres: Fantasy, Harem, Isekai, Mecha, Reincarnation, Romance, School. Studio: ENGI. Rating: 7.31",https://cdn.myanimelist.net/images/anime/1161/121462.jpg
44942,Shuumatsu no Walküre,"Action, Drama, Fantasy, Gore, Mythology, Seinen","Genres: Action, Drama, Fantasy, Gore, Mythology, Seinen. Studio: Graphinica. Rating: 6.84",https://cdn.myanimelist.net/images/anime/1456/115123.webp
50612,Dr. Stone: Ryuusui,"Adventure, Comedy, Shounen","Genres: Adventure, Comedy, Shounen. Studio: TMS Entertainment. Rating: 8.11",https://cdn.myanimelist.net/images/anime/1071/124921.webp
49520,Aharen-san wa Hakarenai,"Comedy, Love Status Quo, Romance, School, Shounen","Genres: Comedy, Love Status Quo, Romance, School, Shounen. Studio: Felix Film. Rating: 7.27",https://cdn.myanimelist.net/images/anime/1612/120636.jpg
32379,Berserk,"Action, Adventure, Drama, Fantasy, Gore, Horror, Military, Psychological, Seinen","Genres: Action, Adventure, Drama, Fantasy, Gore, Horror, Military, Psychological, Seinen. Studio: Millepensee, GEMBA. Rating: 6.34",https://cdn.myanimelist.net/images/anime/10/79352.webp
38992,Rikei ga Koi ni Ochita no de Shoumei shitemita.,"Adult Cast, Comedy, Romance","Genres: Adult Cast, Comedy, Romance. Studio: Zero-G. Rating: 7.34",https://cdn.myanimelist.net/images/anime/1432/103533.jpg
28249,Arslan Senki (TV),"Action, Adventure, Drama, Fantasy, Historical, Military, Shounen","Genres: Action, Adventure, Drama, Fantasy, Historical, Military, Shounen. Studio: SANZIGEN, LIDENFILMS. Rating: 7.65",https://cdn.myanimelist.net/images/anime/1168/148973.jpg
150,Blood+,"Action, Drama, Gore, Horror, Military, Mystery, Supernatural, Vampire","Genres: Action, Drama, Gore, Horror, Military, Mystery, Supernatural, Vampire. Studio: Production I.G. Rating: 7.6",https://cdn.myanimelist.net/images/anime/10/10183.webp
32262,Renai Boukun,"Comedy, Harem, Romance, School, Supernatural","Genres: Comedy, Harem, Romance, School, Supernatural. Studio: EMT Squared. Rating: 6.6",https://cdn.myanimelist.net/images/anime/9/84266.jpg
40497,Mahouka Koukou no Rettousei: Raihousha-hen,"Action, Fantasy, Romance, School, Sci-Fi, Urban Fantasy","Genres: Action, Fantasy, Romance, School, Sci-Fi, Urban Fantasy. Studio: 8bit. Rating: 7.27",https://cdn.myanimelist.net/images/anime/1322/114329.webp
51958,Kono Subarashii Sekai ni Bakuen wo!,"Comedy, Fantasy","Genres: Comedy, Fantasy. Studio: Drive. Rating: 7.52",https://cdn.myanimelist.net/images/anime/1626/135844.webp
7711,Karigurashi no Arrietty,"Award Winning, Supernatural","Genres: Award Winning, Supernatural. Studio: Studio Ghibli. Rating: 7.9",https://cdn.myanimelist.net/images/anime/1974/116417.webp
44037,"Shin no Nakama ja Nai to Yuusha no Party wo Oidasareta node, Henkyou de Slow Life suru Koto ni Shimashita","Fantasy, Romance","Genres: Fantasy, Romance. Studio: Studio Flad, Wolfsbane. Rating: 6.91",https://cdn.myanimelist.net/images/anime/1723/117854.jpg
24455,Madan no Ou to Vanadis,"Action, Adventure, Ecchi, Fantasy, Harem, Military","Genres: Action, Adventure, Ecchi, Fantasy, Harem, Military. Studio: Satelight. Rating: 7.09",https://cdn.myanimelist.net/images/anime/3/64911.jpg
13663,To LOVE-Ru Darkness,"Comedy, Ecchi, Harem, Romance, School, Sci-Fi, Shounen","Genres: Comedy, Ecchi, Harem, Romance, School, Sci-Fi, Shounen. Studio: Xebec. Rating: 7.4",https://cdn.myanimelist.net/images/anime/8/42217.jpg
10790,Kore wa Zombie desu ka? of the Dead,"Action, Comedy, Ecchi, Fantasy, Harem, Urban Fantasy, Vampire","Genres: Action, Comedy, Ecchi, Fantasy, Harem, Urban Fantasy, Vampire. Studio: Studio Deen. Rating: 7.46",https://cdn.myanimelist.net/images/anime/4/37451.webp
3002,Gyakkyou Burai Kaiji: Ultimate Survivor,"Adult Cast, High Stakes Game, Psychological, Seinen, Strategy Game, Suspense","Genres: Adult Cast, High Stakes Game, Psychological, Seinen, Strategy Game, Suspense. Studio: Madhouse. Rating: 8.25",https://cdn.myanimelist.net/images/anime/12/80032.jpg
33926,Quanzhi Gaoshou,"Action, Video Game","Genres: Action, Video Game. Studio: B.CMAY PICTURES. Rating: 7.85",https://cdn.myanimelist.net/images/anime/1534/104725.jpg
8630,Hidan no Aria,"Action, Comedy, Ecchi, Harem, Romance, School","Genres: Action, Comedy, Ecchi, Harem, Romance, School. Studio: J.C.Staff. Rating: 6.77",https://cdn.myanimelist.net/images/anime/9/30095.webp
52198,Kaguya-sama wa Kokurasetai: First Kiss wa Owaranai,"Comedy, Drama, Romance, School, Seinen","Genres: Comedy, Drama, Romance, School, Seinen. Studio: A-1 Pictures. Rating: 8.71",https://cdn.myanimelist.net/images/anime/1670/130060.jpg
20057,Space☆Dandy,"Adult Cast, Comedy, Sci-Fi, Space","Genres: Adult Cast, Comedy, Sci-Fi, Space. Studio: Bones. Rating: 7.89",https://cdn.myanimelist.net/images/anime/4/56611.jpg
51552,Watashi no Shiawase na Kekkon,"Adult Cast, Drama, Fantasy, Historical, Romance","Genres: Adult Cast, Drama, Fantasy, Historical, Romance. Studio: Kinema Citrus. Rating: 7.67",https://cdn.myanimelist.net/images/anime/1147/122444.jpg
38397,Nande Koko ni Sensei ga!?,"Comedy, Ecchi, School, Seinen","Genres: Comedy, Ecchi, School, Seinen. Studio: Tear Studio. Rating: 6.49",https://cdn.myanimelist.net/images/anime/1765/99673.jpg
31173,Akagami no Shirayuki-hime 2nd Season,"Drama, Medical, Romance, Shoujo","Genres: Drama, Medical, Romance, Shoujo. Studio: Bones. Rating: 7.97",https://cdn.myanimelist.net/images/anime/12/77834.jpg
16662,Kaze Tachinu,"Award Winning, Drama, Historical, Romance","Genres: Award Winning, Drama, Historical, Romance. Studio: Studio Ghibli. Rating: 8.14",https://cdn.myanimelist.net/images/anime/8/52353.webp
48849,Sonny Boy,"Award Winning, Isekai, Mystery, Super Power","Genres: Award Winning, Isekai, Mystery, Super Power. Studio: Madhouse. Rating: 7.86",https://cdn.myanimelist.net/images/anime/1509/117149.jpg
48760,"Gaikotsu Kishi-sama, Tadaima Isekai e Odekakechuu","Action, Adventure, Fantasy, Isekai","Genres: Action, Adventure, Fantasy, Isekai. Studio: Studio KAI, HORNETS. Rating: 7.13",https://cdn.myanimelist.net/images/anime/1361/120706.jpg
41488,Tensura Nikki: Tensei shitara Slime Datta Ken,"Comedy, Fantasy, Isekai, Reincarnation, Shounen","Genres: Comedy, Fantasy, Isekai, Reincarnation, Shounen. Studio: 8bit. Rating: 7.58",https://cdn.myanimelist.net/images/anime/1458/117607.jpg
37786,Yagate Kimi ni Naru,"Drama, Girls Love, School","Genres: Drama, Girls Love, School. Studio: TROYCA. Rating: 7.88",https://cdn.myanimelist.net/images/anime/1783/96153.webp
228,Jigoku Shoujo,"Horror, Mystery, Psychological, Supernatural, Suspense","Genres: Horror, Mystery, Psychological, Supernatural, Suspense. Studio: Studio Deen. Rating: 7.6",https://cdn.myanimelist.net/images/anime/4/86907.webp
43690,Tenkuu Shinpan,"Action, Gore, Horror, Mystery, Survival, Suspense","Genres: Action, Gore, Horror, Mystery, Survival, Suspense. Studio: Zero-G. Rating: 6.68",https://cdn.myanimelist.net/images/anime/1547/117947.jpg
40904,Bokutachi no Remake,"Adult Cast, Drama, Romance, Time Travel","Genres: Adult Cast, Drama, Romance, Time Travel. Studio: feel.. Rating: 7.38",https://cdn.myanimelist.net/images/anime/1871/118309.jpg
384,Gantz,"Action, Drama, Gore, High Stakes Game, Horror, Psychological, Sci-Fi, Seinen, Survival, Suspense","Genres: Action, Drama, Gore, High Stakes Game, Horror, Psychological, Sci-Fi, Seinen, Survival, Suspense. Studio: Gonzo. Rating: 6.97",https://cdn.myanimelist.net/images/anime/13/5998.webp
22877,Seireitsukai no Blade Dance,"Action, Comedy, Ecchi, Fantasy, Harem, Romance, School","Genres: Action, Comedy, Ecchi, Fantasy, Harem, Romance, School. Studio: TNK. Rating: 6.65",https://cdn.myanimelist.net/images/anime/7/63031.webp
59177,Kaijuu 8-gou 2nd Season,"Action, Adult Cast, Fantasy, Military, Sci-Fi, Shounen, Urban Fantasy","Genres: Action, Adult Cast, Fantasy, Military, Sci-Fi, Shounen, Urban Fantasy. Studio: Production I.G. Rating: 7.78",https://cdn.myanimelist.net/images/anime/1177/150344.jpg
19369,Outbreak Company,"Comedy, Fantasy, Harem, Isekai, Otaku Culture, Parody","Genres: Comedy, Fantasy, Harem, Isekai, Otaku Culture, Parody. Studio: feel.. Rating: 7.15",https://cdn.myanimelist.net/images/anime/7/54343.jpg
8516,Baka to Test to Shoukanjuu Ni!,"Comedy, Love Polygon, Romance, School, Super Power","Genres: Comedy, Love Polygon, Romance, School, Super Power. Studio: SILVER LINK.. Rating: 7.66",https://cdn.myanimelist.net/images/anime/1415/145672.jpg
3470,Special A,"Comedy, Romance, School, Shoujo","Genres: Comedy, Romance, School, Shoujo. Studio: Gonzo, AIC. Rating: 7.5",https://cdn.myanimelist.net/images/anime/8/77363.jpg
38759,Sewayaki Kitsune no Senko-san,"Iyashikei, Slice of Life, Supernatural","Genres: Iyashikei, Slice of Life, Supernatural. Studio: Doga Kobo. Rating: 7.31",https://cdn.myanimelist.net/images/anime/1814/99677.jpg
4752,Vampire Knight Guilty,"Drama, Love Polygon, Mystery, Romance, Shoujo, Supernatural, Vampire","Genres: Drama, Love Polygon, Mystery, Romance, Shoujo, Supernatural, Vampire. Studio: Studio Deen. Rating: 7.06",https://cdn.myanimelist.net/images/anime/3/10075.webp
154,Shaman King,"Action, Adventure, Shounen, Supernatural","Genres: Action, Adventure, Shounen, Supernatural. Studio: Xebec. Rating: 7.73",https://cdn.myanimelist.net/images/anime/1722/99235.jpg
42351,Senpai ga Uzai Kouhai no Hanashi,"Adult Cast, Comedy, Love Status Quo, Romance, Workplace","Genres: Adult Cast, Comedy, Love Status Quo, Romance, Workplace. Studio: Doga Kobo. Rating: 7.52",https://cdn.myanimelist.net/images/anime/1055/118890.webp
41619,Munou na Nana,"Psychological, Shounen, Super Power, Suspense","Genres: Psychological, Shounen, Super Power, Suspense. Studio: Bridge. Rating: 7.17",https://cdn.myanimelist.net/images/anime/1301/110433.jpg
32189,Danganronpa 3: The End of Kibougamine Gakuen - Mirai-hen,"Action, High Stakes Game, Horror, Mystery, Psychological, Survival, Suspense","Genres: Action, High Stakes Game, Horror, Mystery, Psychological, Survival, Suspense. Studio: Lerche. Rating: 7.2",https://cdn.myanimelist.net/images/anime/10/80931.webp
13667,Naruto: Shippuuden Movie 6 - Road to Ninja,"Action, Adventure, Fantasy, Isekai, Shounen","Genres: Action, Adventure, Fantasy, Isekai, Shounen. Studio: Studio Pierrot. Rating: 7.69",https://cdn.myanimelist.net/images/anime/1620/94336.jpg
35222,Gakuen Babysitters,"Childcare, Iyashikei, School, Shoujo, Slice of Life","Genres: Childcare, Iyashikei, School, Shoujo, Slice of Life. Studio: Brain's Base. Rating: 7.9",https://cdn.myanimelist.net/images/anime/8/89978.jpg
39468,Honzuki no Gekokujou: Shisho ni Naru Tame ni wa Shudan wo Erandeiraremasen,"Fantasy, Isekai, Reincarnation","Genres: Fantasy, Isekai, Reincarnation. Studio: Ajia-do. Rating: 7.96",https://cdn.myanimelist.net/images/anime/1582/101697.jpg
41402,Mairimashita! Iruma-kun 2nd Season,"Comedy, Fantasy, School, Shounen","Genres: Comedy, Fantasy, School, Shounen. Studio: Bandai Namco Pictures. Rating: 8.02",https://cdn.myanimelist.net/images/anime/1527/113656.jpg
57,Beck,"Drama, Music, Shounen","Genres: Drama, Music, Shounen. Studio: Madhouse. Rating: 8.29",https://cdn.myanimelist.net/images/anime/11/11636.jpg
235,Meitantei Conan,"Adventure, Comedy, Detective, Mystery, Shounen","Genres: Adventure, Comedy, Detective, Mystery, Shounen. Studio: TMS Entertainment. Rating: 8.18",https://cdn.myanimelist.net/images/anime/7/75199.jpg
38753,Araburu Kisetsu no Otome-domo yo.,"Drama, Romance, School, Shounen","Genres: Drama, Romance, School, Shounen. Studio: Lay-duce. Rating: 7.28",https://cdn.myanimelist.net/images/anime/1622/111483.jpg
36793,3D Kanojo: Real Girl,"Otaku Culture, Romance, School, Shoujo","Genres: Otaku Culture, Romance, School, Shoujo. Studio: Hoods Entertainment. Rating: 6.86",https://cdn.myanimelist.net/images/anime/1327/93616.webp
11785,Haiyore! Nyaruko-san,"Comedy, Parody, Sci-Fi","Genres: Comedy, Parody, Sci-Fi. Studio: Xebec. Rating: 6.96",https://cdn.myanimelist.net/images/anime/6/49081.jpg
17513,Diabolik Lovers,"Drama, Josei, Reverse Harem, School, Supernatural, Vampire","Genres: Drama, Josei, Reverse Harem, School, Supernatural, Vampire. Studio: Zexcs. Rating: 5.18",https://cdn.myanimelist.net/images/anime/9/51989.webp
37095,"Violet Evergarden: Kitto ""Ai"" wo Shiru Hi ga Kuru no Darou",Drama,Genres: Drama. Studio: Kyoto Animation. Rating: 8.36,https://cdn.myanimelist.net/images/anime/9/89993.jpg
7647,Arakawa Under the Bridge,"Adult Cast, Comedy, Romance, Seinen","Genres: Adult Cast, Comedy, Romance, Seinen. Studio: Shaft. Rating: 7.56",https://cdn.myanimelist.net/images/anime/1019/98620.webp
16762,Mirai Nikki: Redial,"Psychological, Shounen, Supernatural, Suspense","Genres: Psychological, Shounen, Supernatural, Suspense. Studio: asread.. Rating: 7.28",https://cdn.myanimelist.net/images/anime/1715/103523.jpg
26349,Danna ga Nani wo Itteiru ka Wakaranai Ken,"Adult Cast, Comedy, Otaku Culture, Romance","Genres: Adult Cast, Comedy, Otaku Culture, Romance. Studio: Seven. Rating: 7.26",https://cdn.myanimelist.net/images/anime/7/75287.webp
857,Air Gear,"Delinquents, Ecchi, School, Shounen, Sports","Genres: Delinquents, Ecchi, School, Shounen, Sports. Studio: Toei Animation. Rating: 7.48",https://cdn.myanimelist.net/images/anime/11/18227.jpg
10030,Bakuman. 2nd Season,"Comedy, Drama, Otaku Culture, Romance, Shounen","Genres: Comedy, Drama, Otaku Culture, Romance, Shounen. Studio: J.C.Staff. Rating: 8.33",https://cdn.myanimelist.net/images/anime/3/34923.webp
39792,Eizouken ni wa Te wo Dasu na!,"Adventure, Award Winning, Comedy, Otaku Culture, School, Seinen","Genres: Adventure, Award Winning, Comedy, Otaku Culture, School, Seinen. Studio: Science SARU. Rating: 8.13",https://cdn.myanimelist.net/images/anime/1680/110451.webp
38572,Assassins Pride,Fantasy,Genres: Fantasy. Studio: EMT Squared. Rating: 5.92,https://cdn.myanimelist.net/images/anime/1267/103421.jpg
32827,B: The Beginning,"Action, Detective, Mystery, Psychological, Super Power, Suspense","Genres: Action, Detective, Mystery, Psychological, Super Power, Suspense. Studio: Production I.G. Rating: 7.14",https://cdn.myanimelist.net/images/anime/1564/90469.jpg
21085,Witch Craft Works,"Action, School, Seinen, Supernatural","Genres: Action, School, Seinen, Supernatural. Studio: J.C.Staff. Rating: 6.97",https://cdn.myanimelist.net/images/anime/1949/112982.jpg
2246,Mononoke,"Adult Cast, Historical, Horror, Mystery, Mythology, Psychological, Supernatural, Suspense","Genres: Adult Cast, Historical, Horror, Mystery, Mythology, Psychological, Supernatural, Suspense. Studio: Toei Animation. Rating: 8.41",https://cdn.myanimelist.net/images/anime/3/20713.webp
59027,Spy x Family Season 3,"Action, Childcare, Comedy, Shounen, Super Power","Genres: Action, Childcare, Comedy, Shounen, Super Power. Studio: Wit Studio, CloverWorks. Rating: 8.21",https://cdn.myanimelist.net/images/anime/1697/151793.jpg
37744,Isekai Cheat Magician,"Action, Adventure, Fantasy, Isekai","Genres: Action, Adventure, Fantasy, Isekai. Studio: Encourage Films. Rating: 5.48",https://cdn.myanimelist.net/images/anime/1282/102248.jpg
35413,Imouto sae Ireba Ii.,"Adult Cast, Comedy, Ecchi, Otaku Culture, Romance","Genres: Adult Cast, Comedy, Ecchi, Otaku Culture, Romance. Studio: SILVER LINK.. Rating: 7.23",https://cdn.myanimelist.net/images/anime/10/88472.webp
51367,JoJo no Kimyou na Bouken Part 6: Stone Ocean Part 2,"Action, Adventure, Shounen, Super Power","Genres: Action, Adventure, Shounen, Super Power. Studio: David Production. Rating: 8.03",https://cdn.myanimelist.net/images/anime/1051/121959.jpg
11285,Black★Rock Shooter (TV),"Action, Drama, Fantasy, School","Genres: Action, Drama, Fantasy, School. Studio: Ordet, SANZIGEN. Rating: 6.8",https://cdn.myanimelist.net/images/anime/5/53909.webp
15379,Kotoura-san,"Comedy, Romance, School, Super Power","Genres: Comedy, Romance, School, Super Power. Studio: AIC Classic. Rating: 7.14",https://cdn.myanimelist.net/images/anime/10/75585.jpg
16706,Kami nomi zo Shiru Sekai: Megami-hen,"Comedy, Harem, Otaku Culture, Romance, School, Shounen, Supernatural","Genres: Comedy, Harem, Otaku Culture, Romance, School, Shounen, Supernatural. Studio: Manglobe. Rating: 7.97",https://cdn.myanimelist.net/images/anime/6/51949.webp
2605,Sayonara Zetsubou Sensei,"Comedy, Gag Humor, Parody, School, Shounen","Genres: Comedy, Gag Humor, Parody, School, Shounen. Studio: Shaft. Rating: 7.84",https://cdn.myanimelist.net/images/anime/5/6559.webp
820,Ginga Eiyuu Densetsu,"Adult Cast, Drama, Military, Sci-Fi, Space","Genres: Adult Cast, Drama, Military, Sci-Fi, Space. Studio: K-Factory, Kitty Film Mitaka Studio. Rating: 9.02",https://cdn.myanimelist.net/images/anime/1976/142016.webp
37497,Irozuku Sekai no Ashita kara,"Drama, Fantasy, Love Polygon, Romance, School, Time Travel, Urban Fantasy, Visual Arts","Genres: Drama, Fantasy, Love Polygon, Romance, School, Time Travel, Urban Fantasy, Visual Arts. Studio: P.A. Works. Rating: 7.52",https://cdn.myanimelist.net/images/anime/1424/93855.webp
50330,Bungou Stray Dogs 4th Season,"Action, Adult Cast, Detective, Mystery, Organized Crime, Seinen, Super Power","Genres: Action, Adult Cast, Detective, Mystery, Organized Crime, Seinen, Super Power. Studio: Bones. Rating: 8.41",https://cdn.myanimelist.net/images/anime/1263/132759.jpg
34636,Ballroom e Youkoso,"Performing Arts, Shounen, Sports","Genres: Performing Arts, Shounen, Sports. Studio: Production I.G. Rating: 8.18",https://cdn.myanimelist.net/images/anime/5/86739.jpg
53411,Buddy Daddies,"Action, Childcare, Comedy, Organized Crime","Genres: Action, Childcare, Comedy, Organized Crime. Studio: P.A. Works. Rating: 8.09",https://cdn.myanimelist.net/images/anime/1553/133767.jpg
30016,Nanbaka,"Action, Comedy, Drama","Genres: Action, Comedy, Drama. Studio: Satelight. Rating: 7.33",https://cdn.myanimelist.net/images/anime/2/81399.jpg
38993,Karakai Jouzu no Takagi-san 2,"Comedy, Love Status Quo, Romance, School, Shounen","Genres: Comedy, Love Status Quo, Romance, School, Shounen. Studio: Shin-Ei Animation. Rating: 8.01",https://cdn.myanimelist.net/images/anime/1393/107033.webp
39326,Kawaikereba Hentai demo Suki ni Natte Kuremasu ka?,"Comedy, Ecchi, Harem, Romance, School","Genres: Comedy, Ecchi, Harem, Romance, School. Studio: Geek Toys. Rating: 6.45",https://cdn.myanimelist.net/images/anime/1430/102439.jpg
16524,Suisei no Gargantia,"Adventure, Mecha, Sci-Fi","Genres: Adventure, Mecha, Sci-Fi. Studio: Production I.G. Rating: 7.44",https://cdn.myanimelist.net/images/anime/11/48817.jpg
50175,"Yuusha, Yamemasu","Action, Adventure, Comedy, Fantasy","Genres: Action, Adventure, Comedy, Fantasy. Studio: EMT Squared. Rating: 6.99",https://cdn.myanimelist.net/images/anime/1934/122301.webp
12467,Nazo no Kanojo X,"Romance, School, Seinen","Genres: Romance, School, Seinen. Studio: Hoods Entertainment. Rating: 7.22",https://cdn.myanimelist.net/images/anime/3/75205.webp
15417,Gintama': Enchousen,"Action, Comedy, Gag Humor, Historical, Parody, Samurai, Sci-Fi, Shounen","Genres: Action, Comedy, Gag Humor, Historical, Parody, Samurai, Sci-Fi, Shounen. Studio: Sunrise. Rating: 9.02",https://cdn.myanimelist.net/images/anime/1452/123686.jpg
48761,Saihate no Paladin,"Action, Adventure, Fantasy, Isekai, Reincarnation","Genres: Action, Adventure, Fantasy, Isekai, Reincarnation. Studio: Children's Playground Entertainment. Rating: 6.89",https://cdn.myanimelist.net/images/anime/1176/118382.jpg
486,Kino no Tabi: The Beautiful World,"Adventure, Drama, Fantasy","Genres: Adventure, Drama, Fantasy. Studio: A.C.G.T.. Rating: 8.28",https://cdn.myanimelist.net/images/anime/1763/95397.webp
55866,Yubisaki to Renren,"Adult Cast, Romance, Shoujo","Genres: Adult Cast, Romance, Shoujo. Studio: Ajia-do. Rating: 8.19",https://cdn.myanimelist.net/images/anime/1478/140828.jpg
5682,Phantom: Requiem for the Phantom,"Action, Drama, Organized Crime, Suspense","Genres: Action, Drama, Organized Crime, Suspense. Studio: Bee Train. Rating: 7.91",https://cdn.myanimelist.net/images/anime/8/22470.webp
9617,K-On! Movie,"Award Winning, CGDCT, Comedy, Music","Genres: Award Winning, CGDCT, Comedy, Music. Studio: Kyoto Animation. Rating: 8.36",https://cdn.myanimelist.net/images/anime/5/76233.webp
21431,Gokukoku no Brynhildr,"Drama, Gore, Mystery, Sci-Fi, Seinen, Super Power","Genres: Drama, Gore, Mystery, Sci-Fi, Seinen, Super Power. Studio: Arms. Rating: 6.84",https://cdn.myanimelist.net/images/anime/5/61433.jpg
40595,"Kimi to Boku no Saigo no Senjou, Aruiwa Sekai ga Hajimaru Seisen","Action, Fantasy, Military, Romance","Genres: Action, Fantasy, Military, Romance. Studio: SILVER LINK.. Rating: 6.72",https://cdn.myanimelist.net/images/anime/1100/109044.webp
28725,Kokoro ga Sakebitagatterunda.,"Drama, Performing Arts, Romance, School","Genres: Drama, Performing Arts, Romance, School. Studio: A-1 Pictures. Rating: 7.79",https://cdn.myanimelist.net/images/anime/1245/112628.jpg
52741,Undead Unluck,"Action, Comedy, Shounen, Super Power","Genres: Action, Comedy, Shounen, Super Power. Studio: David Production. Rating: 7.73",https://cdn.myanimelist.net/images/anime/1136/138410.jpg
2418,Stranger: Mukou Hadan,"Action, Adventure, Historical, Samurai","Genres: Action, Adventure, Historical, Samurai. Studio: Bones. Rating: 8.24",https://cdn.myanimelist.net/images/anime/9/87066.jpg
11703,Code:Breaker,"Action, School, Shounen, Super Power","Genres: Action, School, Shounen, Super Power. Studio: Kinema Citrus. Rating: 6.7",https://cdn.myanimelist.net/images/anime/13/57251.webp
54865,Blue Lock vs. U-20 Japan,"Shounen, Sports, Team Sports","Genres: Shounen, Sports, Team Sports. Studio: 8bit. Rating: 7.5",https://cdn.myanimelist.net/images/anime/1584/144860.jpg
40716,Kakushigoto,"Childcare, Comedy, Gag Humor, Otaku Culture, Shounen","Genres: Childcare, Comedy, Gag Humor, Otaku Culture, Shounen. Studio: Ajia-do. Rating: 7.96",https://cdn.myanimelist.net/images/anime/1048/128385.jpg
9181,Motto To LOVE-Ru,"Comedy, Ecchi, Harem, Romance, School, Sci-Fi, Shounen","Genres: Comedy, Ecchi, Harem, Romance, School, Sci-Fi, Shounen. Studio: Xebec. Rating: 7.25",https://cdn.myanimelist.net/images/anime/4/59875.jpg
38080,Kono Oto Tomare!,"Drama, Music, Performing Arts, School, Shounen","Genres: Drama, Music, Performing Arts, School, Shounen. Studio: Platinum Vision. Rating: 7.94",https://cdn.myanimelist.net/images/anime/1464/99881.webp
202,Wolf's Rain,"Action, Adventure, Drama, Fantasy, Mystery","Genres: Action, Adventure, Drama, Fantasy, Mystery. Studio: Bones. Rating: 7.79",https://cdn.myanimelist.net/images/anime/5/59403.jpg
10495,Yuru Yuri,"Award Winning, CGDCT, Comedy, Gag Humor, Girls Love, School","Genres: Award Winning, CGDCT, Comedy, Gag Humor, Girls Love, School. Studio: Doga Kobo. Rating: 7.56",https://cdn.myanimelist.net/images/anime/12/75173.jpg
37435,Carole & Tuesday,"Drama, Music, Sci-Fi","Genres: Drama, Music, Sci-Fi. Studio: Bones. Rating: 7.84",https://cdn.myanimelist.net/images/anime/1611/96157.jpg
33028,Danganronpa 3: The End of Kibougamine Gakuen - Zetsubou-hen,"Action, High Stakes Game, Horror, Mystery, Psychological, School, Survival, Suspense","Genres: Action, High Stakes Game, Horror, Mystery, Psychological, School, Survival, Suspense. Studio: Lerche. Rating: 7.34",https://cdn.myanimelist.net/images/anime/4/80932.jpg
31658,Kuroko no Basket Movie 4: Last Game,"School, Shounen, Sports, Team Sports","Genres: School, Shounen, Sports, Team Sports. Studio: Production I.G. Rating: 8.08",https://cdn.myanimelist.net/images/anime/2/83106.jpg
6500,Seikon no Qwaser,"Action, Ecchi, Fantasy, Harem, School, Seinen, Urban Fantasy","Genres: Action, Ecchi, Fantasy, Harem, School, Seinen, Urban Fantasy. Studio: Hoods Entertainment. Rating: 6.31",https://cdn.myanimelist.net/images/anime/1212/97589.webp
5042,Kiss x Sis,"Comedy, Ecchi, Harem, Romance, School, Seinen","Genres: Comedy, Ecchi, Harem, Romance, School, Seinen. Studio: feel.. Rating: 6.77",https://cdn.myanimelist.net/images/anime/1966/121554.webp
50416,Skip to Loafer,"Drama, School, Seinen","Genres: Drama, School, Seinen. Studio: P.A. Works. Rating: 8.1",https://cdn.myanimelist.net/images/anime/1518/138730.jpg
27821,Fate/stay night: Unlimited Blade Works Prologue,"Action, Fantasy, Urban Fantasy","Genres: Action, Fantasy, Urban Fantasy. Studio: ufotable. Rating: 8.03",https://cdn.myanimelist.net/images/anime/9/67425.jpg
57181,Ao no Hako,"Love Polygon, Romance, School, Shounen, Sports, Team Sports","Genres: Love Polygon, Romance, School, Shounen, Sports, Team Sports. Studio: Telecom Animation Film. Rating: 8.15",https://cdn.myanimelist.net/images/anime/1341/145349.webp
34096,Gintama.,"Action, Comedy, Gag Humor, Historical, Parody, Samurai, Sci-Fi, Shounen","Genres: Action, Comedy, Gag Humor, Historical, Parody, Samurai, Sci-Fi, Shounen. Studio: Bandai Namco Pictures. Rating: 8.98",https://cdn.myanimelist.net/images/anime/3/83528.jpg
34279,Grancrest Senki,"Action, Adventure, Drama, Fantasy, Military, Romance","Genres: Action, Adventure, Drama, Fantasy, Military, Romance. Studio: A-1 Pictures. Rating: 7.23",https://cdn.myanimelist.net/images/anime/4/89883.jpg
40262,Haikyuu!! Riku vs. Kuu,"School, Shounen, Sports, Team Sports","Genres: School, Shounen, Sports, Team Sports. Studio: Production I.G. Rating: 7.84",https://cdn.myanimelist.net/images/anime/1527/102671.webp
861,xxxHOLiC,"Comedy, Drama, Mystery, Seinen, Supernatural","Genres: Comedy, Drama, Mystery, Seinen, Supernatural. Studio: Production I.G. Rating: 7.97",https://cdn.myanimelist.net/images/anime/5/21858.jpg
49114,Vanitas no Karte Part 2,"Action, Fantasy, Historical, Mystery, Shounen, Urban Fantasy, Vampire","Genres: Action, Fantasy, Historical, Mystery, Shounen, Urban Fantasy, Vampire. Studio: Bones. Rating: 8.19",https://cdn.myanimelist.net/images/anime/1247/120579.webp
1726,Devil May Cry,"Action, Fantasy, Gore, Mythology","Genres: Action, Fantasy, Gore, Mythology. Studio: Madhouse. Rating: 6.96",https://cdn.myanimelist.net/images/anime/4/26417.webp
27991,K: Return of Kings,"Action, Super Power","Genres: Action, Super Power. Studio: GoHands. Rating: 7.54",https://cdn.myanimelist.net/images/anime/6/76198.jpg
31764,Nejimaki Seirei Senki: Tenkyou no Alderamin,"Action, Adventure, Fantasy, Military","Genres: Action, Adventure, Fantasy, Military. Studio: Madhouse. Rating: 7.62",https://cdn.myanimelist.net/images/anime/11/79531.jpg
53446,Tondemo Skill de Isekai Hourou Meshi,"Adventure, Comedy, Fantasy, Gourmet, Isekai","Genres: Adventure, Comedy, Fantasy, Gourmet, Isekai. Studio: MAPPA. Rating: 7.63",https://cdn.myanimelist.net/images/anime/1661/131889.webp
39198,Kanata no Astra,"Adventure, Award Winning, Mystery, Sci-Fi, Shounen, Space, Survival, Suspense","Genres: Adventure, Award Winning, Mystery, Sci-Fi, Shounen, Space, Survival, Suspense. Studio: Lerche. Rating: 8.07",https://cdn.myanimelist.net/images/anime/1784/106428.webp
430,Fullmetal Alchemist: The Conqueror of Shamballa,"Action, Adventure, Award Winning, Drama, Fantasy, Historical, Military, Shounen","Genres: Action, Adventure, Award Winning, Drama, Fantasy, Historical, Military, Shounen. Studio: Bones. Rating: 7.5",https://cdn.myanimelist.net/images/anime/1707/94039.jpg
12365,Bakuman. 3rd Season,"Comedy, Drama, Otaku Culture, Romance, Shounen","Genres: Comedy, Drama, Otaku Culture, Romance, Shounen. Studio: J.C.Staff. Rating: 8.51",https://cdn.myanimelist.net/images/anime/6/41845.jpg
31772,One Punch Man Specials,"Action, Adult Cast, Comedy, Parody, Seinen, Super Power","Genres: Action, Adult Cast, Comedy, Parody, Seinen, Super Power. Studio: Madhouse. Rating: 7.69",https://cdn.myanimelist.net/images/anime/1452/97840.jpg
56009,Yuusha-kei ni Shosu: Choubatsu Yuusha 9004-tai Keimu Kiroku,"Action, Adventure, Fantasy","Genres: Action, Adventure, Fantasy. Studio: Studio KAI. Rating: 8.12",https://cdn.myanimelist.net/images/anime/1062/151911.jpg
2104,Seto no Hanayome,"Comedy, Organized Crime, Parody, Romance, School, Shounen, Supernatural","Genres: Comedy, Organized Crime, Parody, Romance, School, Shounen, Supernatural. Studio: Gonzo, AIC. Rating: 7.65",https://cdn.myanimelist.net/images/anime/1573/146854.webp
9289,Hanasaku Iroha,"Drama, Workplace","Genres: Drama, Workplace. Studio: P.A. Works. Rating: 7.89",https://cdn.myanimelist.net/images/anime/1491/117229.webp
34437,Code Geass: Fukkatsu no Lelouch,"Drama, Mecha, Military, Sci-Fi, Super Power","Genres: Drama, Mecha, Military, Sci-Fi, Super Power. Studio: Sunrise. Rating: 7.91",https://cdn.myanimelist.net/images/anime/1274/113436.jpg
48415,"Shijou Saikyou no Daimaou, Murabito A ni Tensei suru","Action, Fantasy, Harem, Reincarnation, School","Genres: Action, Fantasy, Harem, Reincarnation, School. Studio: SILVER LINK., Blade. Rating: 6.29",https://cdn.myanimelist.net/images/anime/1904/120095.webp
57524,Make Heroine ga Oosugiru!,"Award Winning, Comedy, Romance, School","Genres: Award Winning, Comedy, Romance, School. Studio: A-1 Pictures. Rating: 8.07",https://cdn.myanimelist.net/images/anime/1332/143513.jpg
60489,Takopii no Genzai,"Drama, Psychological, Sci-Fi, Shounen, Time Travel","Genres: Drama, Psychological, Sci-Fi, Shounen, Time Travel. Studio: Enishiya. Rating: 8.74",https://cdn.myanimelist.net/images/anime/1182/149879.jpg
10396,Ben-To,"Action, Comedy, Gourmet, Martial Arts","Genres: Action, Comedy, Gourmet, Martial Arts. Studio: David Production. Rating: 7.18",https://cdn.myanimelist.net/images/anime/12/73984.jpg
48675,Kakkou no Iinazuke,"Comedy, Harem, Romance, Shounen","Genres: Comedy, Harem, Romance, Shounen. Studio: SynergySP, Shin-Ei Animation. Rating: 6.84",https://cdn.myanimelist.net/images/anime/1285/120529.jpg
49709,Fumetsu no Anata e Season 2,"Adventure, Drama, Shounen, Supernatural","Genres: Adventure, Drama, Shounen, Supernatural. Studio: Drive. Rating: 8.11",https://cdn.myanimelist.net/images/anime/1271/127700.jpg
49470,Mamahaha no Tsurego ga Motokano datta,"Comedy, Romance","Genres: Comedy, Romance. Studio: Project No.9. Rating: 6.71",https://cdn.myanimelist.net/images/anime/1708/123281.jpg
24,School Rumble,"Comedy, Gag Humor, Love Polygon, Romance, School, Shounen","Genres: Comedy, Gag Humor, Love Polygon, Romance, School, Shounen. Studio: Studio Comet. Rating: 7.88",https://cdn.myanimelist.net/images/anime/1465/142014.jpg
54714,Kimi no Koto ga Daidaidaidaidaisuki na 100-nin no Kanojo,"Comedy, Harem, Parody, Romance, School, Seinen","Genres: Comedy, Harem, Parody, Romance, School, Seinen. Studio: Bibury Animation Studios. Rating: 7.67",https://cdn.myanimelist.net/images/anime/1812/136764.jpg
49891,Tensei shitara Ken deshita,"Action, Adventure, Fantasy, Isekai, Reincarnation","Genres: Action, Adventure, Fantasy, Isekai, Reincarnation. Studio: C2C. Rating: 7.49",https://cdn.myanimelist.net/images/anime/1191/127909.jpg
31704,One Punch Man: Road to Hero,"Action, Comedy, Parody, Seinen, Super Power","Genres: Action, Comedy, Parody, Seinen, Super Power. Studio: Madhouse. Rating: 7.7",https://cdn.myanimelist.net/images/anime/1802/124744.jpg
30911,Tales of Zestiria the Cross,"Action, Adventure, Fantasy","Genres: Action, Adventure, Fantasy. Studio: ufotable. Rating: 7.21",https://cdn.myanimelist.net/images/anime/1739/124338.webp
32828,Amaama to Inazuma,"Childcare, Gourmet, Iyashikei, Seinen, Slice of Life","Genres: Childcare, Gourmet, Iyashikei, Seinen, Slice of Life. Studio: TMS Entertainment. Rating: 7.53",https://cdn.myanimelist.net/images/anime/6/80546.jpg
51213,Kinsou no Vermeil: Gakeppuchi Majutsushi wa Saikyou no Yakusai to Mahou Sekai wo Tsukisusumu,"Ecchi, Fantasy, School, Shounen","Genres: Ecchi, Fantasy, School, Shounen. Studio: Staple Entertainment. Rating: 6.79",https://cdn.myanimelist.net/images/anime/1561/125302.webp
17247,Machine-Doll wa Kizutsukanai,"Action, Ecchi, Fantasy, School","Genres: Action, Ecchi, Fantasy, School. Studio: Lerche. Rating: 7.02",https://cdn.myanimelist.net/images/anime/4/56141.jpg
37055,Youjo Senki Movie,"Action, Fantasy, Isekai, Military, Reincarnation","Genres: Action, Fantasy, Isekai, Military, Reincarnation. Studio: Nut. Rating: 8.23",https://cdn.myanimelist.net/images/anime/1249/117182.webp
387,Haibane Renmei,"Drama, Fantasy, Mystery, Psychological","Genres: Drama, Fantasy, Mystery, Psychological. Studio: Radix. Rating: 8.0",https://cdn.myanimelist.net/images/anime/9/13134.jpg
9367,Freezing,"Action, Drama, Ecchi, Harem, Military, Romance, Sci-Fi, Seinen, Super Power","Genres: Action, Drama, Ecchi, Harem, Military, Romance, Sci-Fi, Seinen, Super Power. Studio: A.C.G.T.. Rating: 6.77",https://cdn.myanimelist.net/images/anime/10/28535.webp
49889,Tsuki ga Michibiku Isekai Douchuu 2nd Season,"Action, Adventure, Comedy, Fantasy, Isekai","Genres: Action, Adventure, Comedy, Fantasy, Isekai. Studio: J.C.Staff. Rating: 7.84",https://cdn.myanimelist.net/images/anime/1794/142621.jpg
35639,Just Because!,"Drama, Love Polygon, Romance, School","Genres: Drama, Love Polygon, Romance, School. Studio: PINE JAM. Rating: 7.23",https://cdn.myanimelist.net/images/anime/10/88234.jpg
51105,NieR:Automata Ver1.1a,"Action, Fantasy, Sci-Fi","Genres: Action, Fantasy, Sci-Fi. Studio: A-1 Pictures. Rating: 7.56",https://cdn.myanimelist.net/images/anime/1669/150616.jpg
10163,C: The Money of Soul and Possibility Control,"Action, High Stakes Game, Mystery, Sci-Fi, Super Power, Suspense","Genres: Action, High Stakes Game, Mystery, Sci-Fi, Super Power, Suspense. Studio: Tatsunoko Production. Rating: 7.14",https://cdn.myanimelist.net/images/anime/5/50551.jpg
22101,Soredemo Sekai wa Utsukushii,"Adventure, Fantasy, Romance, Shoujo","Genres: Adventure, Fantasy, Romance, Shoujo. Studio: Studio Pierrot. Rating: 7.57",https://cdn.myanimelist.net/images/anime/4/59259.jpg
12291,Acchi Kocchi,"Comedy, Gag Humor, Romance, School","Genres: Comedy, Gag Humor, Romance, School. Studio: AIC. Rating: 7.47",https://cdn.myanimelist.net/images/anime/5/46489.webp
34984,Koi wa Ameagari no You ni,"Drama, Romance, Seinen","Genres: Drama, Romance, Seinen. Studio: Wit Studio. Rating: 7.46",https://cdn.myanimelist.net/images/anime/1271/90136.webp
170,Slam Dunk,"School, Shounen, Sports, Team Sports","Genres: School, Shounen, Sports, Team Sports. Studio: Toei Animation. Rating: 8.56",https://cdn.myanimelist.net/images/anime/12/86890.webp
36106,Shingeki no Kyojin: Lost Girls,"Action, Drama","Genres: Action, Drama. Studio: Wit Studio. Rating: 7.83",https://cdn.myanimelist.net/images/anime/3/89417.webp
20767,Noragami OVA,"Comedy, Mythology, School, Shounen, Supernatural","Genres: Comedy, Mythology, School, Shounen, Supernatural. Studio: Bones. Rating: 7.7",https://cdn.myanimelist.net/images/anime/7/77177.jpg
50197,"Ijiranaide, Nagatoro-san 2nd Attack","Comedy, Love Status Quo, Romance, School","Genres: Comedy, Love Status Quo, Romance, School. Studio: OLM. Rating: 7.42",https://cdn.myanimelist.net/images/anime/1902/129579.jpg
49613,Chiyu Mahou no Machigatta Tsukaikata,"Action, Adventure, Fantasy, Isekai","Genres: Action, Adventure, Fantasy, Isekai. Studio: Shin-Ei Animation, Studio Add. Rating: 7.52",https://cdn.myanimelist.net/images/anime/1733/140802.jpg
60098,Boku no Hero Academia: Final Season,"Action, School, Shounen, Super Power","Genres: Action, School, Shounen, Super Power. Studio: Bones Film. Rating: 8.71",https://cdn.myanimelist.net/images/anime/1959/151055.jpg
47159,Tensai Ouji no Akaji Kokka Saisei Jutsu,"Comedy, Fantasy","Genres: Comedy, Fantasy. Studio: Yokohama Animation Lab. Rating: 7.38",https://cdn.myanimelist.net/images/anime/1263/119511.jpg
41380,100-man no Inochi no Ue ni Ore wa Tatteiru,"Action, Adventure, Drama, Fantasy, Isekai, Shounen","Genres: Action, Adventure, Drama, Fantasy, Isekai, Shounen. Studio: Maho Film. Rating: 6.52",https://cdn.myanimelist.net/images/anime/1506/117717.webp
37517,Happy Sugar Life,"Drama, Girls Love, Gore, Horror, Psychological, Shounen, Suspense","Genres: Drama, Girls Love, Gore, Horror, Psychological, Shounen, Suspense. Studio: Ezόla. Rating: 6.75",https://cdn.myanimelist.net/images/anime/1386/103920.jpg
14131,Girls & Panzer,"Action, CGDCT, Military, School","Genres: Action, CGDCT, Military, School. Studio: Actas. Rating: 7.55",https://cdn.myanimelist.net/images/anime/9/40969.webp
37965,Kaze ga Tsuyoku Fuiteiru,"Adult Cast, Drama, Sports","Genres: Adult Cast, Drama, Sports. Studio: Production I.G. Rating: 8.38",https://cdn.myanimelist.net/images/anime/1936/129119.webp
21557,Omoide no Marnie,"Drama, Mystery, Psychological, Suspense","Genres: Drama, Mystery, Psychological, Suspense. Studio: Studio Ghibli. Rating: 8.04",https://cdn.myanimelist.net/images/anime/7/64293.jpg
20021,Sword Art Online: Extra Edition,"Action, Fantasy, Video Game","Genres: Action, Fantasy, Video Game. Studio: A-1 Pictures. Rating: 6.55",https://cdn.myanimelist.net/images/anime/1927/121997.webp
22663,Seiken Tsukai no World Break,"Action, Fantasy, Harem, Reincarnation, Romance, School, Urban Fantasy","Genres: Action, Fantasy, Harem, Reincarnation, Romance, School, Urban Fantasy. Studio: Diomedéa. Rating: 6.74",https://cdn.myanimelist.net/images/anime/7/71769.webp
36286,Re:Zero kara Hajimeru Isekai Seikatsu - Memory Snow,"Fantasy, Isekai","Genres: Fantasy, Isekai. Studio: White Fox. Rating: 7.58",https://cdn.myanimelist.net/images/anime/1081/95707.webp
39710,Yesterday wo Utatte,"Adult Cast, Drama, Love Polygon, Romance, Seinen","Genres: Adult Cast, Drama, Love Polygon, Romance, Seinen. Studio: Doga Kobo. Rating: 6.87",https://cdn.myanimelist.net/images/anime/1553/107721.webp
21327,Isshuukan Friends.,"Drama, School, Shounen","Genres: Drama, School, Shounen. Studio: Brain's Base. Rating: 7.52",https://cdn.myanimelist.net/images/anime/6/61891.jpg
32648,Handa-kun,"Comedy, School, Shounen, Visual Arts","Genres: Comedy, School, Shounen, Visual Arts. Studio: Diomedéa. Rating: 7.33",https://cdn.myanimelist.net/images/anime/4/80752.webp
4901,Black Lagoon: Roberta's Blood Trail,"Action, Adult Cast, Organized Crime, Seinen","Genres: Action, Adult Cast, Organized Crime, Seinen. Studio: Madhouse. Rating: 8.03",https://cdn.myanimelist.net/images/anime/8/75529.jpg
51818,Enen no Shouboutai: San no Shou,"Action, Fantasy, Sci-Fi, Shounen, Urban Fantasy","Genres: Action, Fantasy, Sci-Fi, Shounen, Urban Fantasy. Studio: David Production. Rating: 7.72",https://cdn.myanimelist.net/images/anime/1527/146836.jpg
759,Tokyo Godfathers,"Adult Cast, Award Winning, Childcare, Comedy, Drama","Genres: Adult Cast, Award Winning, Childcare, Comedy, Drama. Studio: Madhouse. Rating: 8.29",https://cdn.myanimelist.net/images/anime/1480/132791.jpg
1698,Nodame Cantabile,"Adult Cast, Comedy, Josei, Music, Performing Arts, Romance","Genres: Adult Cast, Comedy, Josei, Music, Performing Arts, Romance. Studio: J.C.Staff. Rating: 8.25",https://cdn.myanimelist.net/images/anime/9/11986.webp
50380,Paripi Koumei,"Adult Cast, Comedy, Music, Reincarnation, Showbiz","Genres: Adult Cast, Comedy, Music, Reincarnation, Showbiz. Studio: P.A. Works. Rating: 8.08",https://cdn.myanimelist.net/images/anime/1970/122297.jpg
38414,Re:Zero kara Hajimeru Isekai Seikatsu - Hyouketsu no Kizuna,"Drama, Fantasy, Psychological, Suspense","Genres: Drama, Fantasy, Psychological, Suspense. Studio: White Fox. Rating: 7.58",https://cdn.myanimelist.net/images/anime/1238/104023.jpg
48548,5-toubun no Hanayome Movie,"Comedy, Harem, Romance, School, Shounen","Genres: Comedy, Harem, Romance, School, Shounen. Studio: Bibury Animation Studios. Rating: 7.82",https://cdn.myanimelist.net/images/anime/1037/122516.jpg
41345,Noblesse,"Action, School, Supernatural, Vampire","Genres: Action, School, Supernatural, Vampire. Studio: Production I.G. Rating: 6.9",https://cdn.myanimelist.net/images/anime/1903/111646.webp
5258,Hajime no Ippo: New Challenger,"Combat Sports, Shounen, Sports","Genres: Combat Sports, Shounen, Sports. Studio: Madhouse. Rating: 8.67",https://cdn.myanimelist.net/images/anime/8/56617.jpg
40056,Deca-Dence,"Action, Adventure, Sci-Fi","Genres: Action, Adventure, Sci-Fi. Studio: Nut. Rating: 7.35",https://cdn.myanimelist.net/images/anime/1787/132772.webp
36726,Yuragi-sou no Yuuna-san,"Comedy, Ecchi, Harem, Romance, Shounen, Supernatural","Genres: Comedy, Ecchi, Harem, Romance, Shounen, Supernatural. Studio: Xebec. Rating: 6.97",https://cdn.myanimelist.net/images/anime/1462/98802.jpg
24133,Taimadou Gakuen 35 Shiken Shoutai,"Action, Ecchi, Fantasy, Harem, Military, Romance, Urban Fantasy","Genres: Action, Ecchi, Fantasy, Harem, Military, Romance, Urban Fantasy. Studio: SILVER LINK.. Rating: 6.79",https://cdn.myanimelist.net/images/anime/6/76211.webp
39576,Goblin Slayer: Goblin's Crown,"Action, Adventure, Fantasy, Gore","Genres: Action, Adventure, Fantasy, Gore. Studio: White Fox. Rating: 7.26",https://cdn.myanimelist.net/images/anime/1699/110724.jpg
21939,Mushishi Zoku Shou,"Adult Cast, Adventure, Historical, Iyashikei, Mystery, Seinen, Slice of Life, Supernatural","Genres: Adult Cast, Adventure, Historical, Iyashikei, Mystery, Seinen, Slice of Life, Supernatural. Studio: Artland. Rating: 8.69",https://cdn.myanimelist.net/images/anime/13/58533.webp
31952,Kono Bijutsu-bu ni wa Mondai ga Aru!,"Comedy, Romance, School, Seinen, Visual Arts","Genres: Comedy, Romance, School, Seinen, Visual Arts. Studio: feel.. Rating: 7.16",https://cdn.myanimelist.net/images/anime/3/80688.jpg
14199,Oniichan dakedo Ai sae Areba Kankeinai yo ne!,"Comedy, Ecchi, Harem, Romance, School","Genres: Comedy, Ecchi, Harem, Romance, School. Studio: SILVER LINK.. Rating: 6.41",https://cdn.myanimelist.net/images/anime/6/42111.jpg
36470,Tada-kun wa Koi wo Shinai,"Comedy, Romance, School, Visual Arts","Genres: Comedy, Romance, School, Visual Arts. Studio: Doga Kobo. Rating: 7.57",https://cdn.myanimelist.net/images/anime/1446/91841.jpg
34240,Shelter (Music),"Music, Sci-Fi","Genres: Music, Sci-Fi. Studio: A-1 Pictures. Rating: 8.32",https://cdn.myanimelist.net/images/anime/5/82388.jpg
57592,Dr. Stone: Science Future,"Adventure, Comedy, Shounen","Genres: Adventure, Comedy, Shounen. Studio: TMS Entertainment. Rating: 8.26",https://cdn.myanimelist.net/images/anime/1403/146479.jpg
40004,Bokutachi wa Benkyou ga Dekinai!,"Comedy, Harem, Romance, School, Shounen","Genres: Comedy, Harem, Romance, School, Shounen. Studio: Silver, Arvo Animation. Rating: 7.33",https://cdn.myanimelist.net/images/anime/1974/102960.webp
35847,SSSS.Gridman,"Award Winning, Mecha, Sci-Fi","Genres: Award Winning, Mecha, Sci-Fi. Studio: Trigger. Rating: 7.13",https://cdn.myanimelist.net/images/anime/1973/95616.webp
18677,Yuusha ni Narenakatta Ore wa Shibushibu Shuushoku wo Ketsui Shimashita.,"Comedy, Ecchi, Fantasy, Romance","Genres: Comedy, Ecchi, Fantasy, Romance. Studio: asread.. Rating: 6.79",https://cdn.myanimelist.net/images/anime/13/54389.webp
14349,Little Witch Academia,"Adventure, Comedy, Fantasy, School","Genres: Adventure, Comedy, Fantasy, School. Studio: Trigger. Rating: 7.79",https://cdn.myanimelist.net/images/anime/1890/147903.webp
1559,Shijou Saikyou no Deshi Kenichi,"Action, Comedy, Martial Arts, School, Shounen","Genres: Action, Comedy, Martial Arts, School, Shounen. Studio: TMS Entertainment. Rating: 8.03",https://cdn.myanimelist.net/images/anime/9/75515.webp
10213,Maji de Watashi ni Koi Shinasai!,"Action, Comedy, Ecchi, Harem, Martial Arts, Romance, School, Super Power","Genres: Action, Comedy, Ecchi, Harem, Martial Arts, Romance, School, Super Power. Studio: Lerche. Rating: 6.65",https://cdn.myanimelist.net/images/anime/4/32541.jpg
27655,Aldnoah.Zero Part 2,"Mecha, Sci-Fi, Space","Genres: Mecha, Sci-Fi, Space. Studio: A-1 Pictures, TROYCA. Rating: 6.91",https://cdn.myanimelist.net/images/anime/10/71297.webp
9515,Highschool of the Dead: Drifters of the Dead,"Comedy, Ecchi, Shounen, Supernatural","Genres: Comedy, Ecchi, Shounen, Supernatural. Studio: Madhouse. Rating: 6.62",https://cdn.myanimelist.net/images/anime/1746/97780.webp
40594,Tatoeba Last Dungeon Mae no Mura no Shounen ga Joban no Machi de Kurasu Youna Monogatari,"Adventure, Comedy, Fantasy","Genres: Adventure, Comedy, Fantasy. Studio: LIDENFILMS. Rating: 6.32",https://cdn.myanimelist.net/images/anime/1512/111549.jpg
12477,Sakasama no Patema,"Adventure, Award Winning, Sci-Fi","Genres: Adventure, Award Winning, Sci-Fi. Studio: Studio Rikka, Purple Cow Studio Japan. Rating: 7.93",https://cdn.myanimelist.net/images/anime/12/52415.jpg
8086,Densetsu no Yuusha no Densetsu,"Action, Adventure, Fantasy, Military","Genres: Action, Adventure, Fantasy, Military. Studio: Zexcs. Rating: 7.49",https://cdn.myanimelist.net/images/anime/8/73651.jpg
9379,Denpa Onna to Seishun Otoko,"Comedy, Sci-Fi","Genres: Comedy, Sci-Fi. Studio: Shaft. Rating: 7.11",https://cdn.myanimelist.net/images/anime/1799/114806.webp
53273,JoJo no Kimyou na Bouken Part 6: Stone Ocean Part 3,"Action, Adventure, Shounen, Super Power","Genres: Action, Adventure, Shounen, Super Power. Studio: David Production. Rating: 8.51",https://cdn.myanimelist.net/images/anime/1233/128920.jpg
58913,Hikaru ga Shinda Natsu,"Horror, Mystery, Supernatural","Genres: Horror, Mystery, Supernatural. Studio: CygamesPictures. Rating: 8.02",https://cdn.myanimelist.net/images/anime/1104/148614.jpg
55690,Boku no Kokoro no Yabai Yatsu 2nd Season,"Comedy, Romance, School, Shounen","Genres: Comedy, Romance, School, Shounen. Studio: Shin-Ei Animation. Rating: 8.67",https://cdn.myanimelist.net/images/anime/1643/138581.webp
442,Naruto Movie 1: Dai Katsugeki!! Yuki Hime Ninpouchou Dattebayo!,"Action, Adventure, Fantasy, Shounen","Genres: Action, Adventure, Fantasy, Shounen. Studio: Studio Pierrot. Rating: 7.13",https://cdn.myanimelist.net/images/anime/1231/134484.webp
28819,Okusama ga Seitokaichou!,"Comedy, Ecchi, Romance, School, Shounen","Genres: Comedy, Ecchi, Romance, School, Shounen. Studio: Seven. Rating: 6.54",https://cdn.myanimelist.net/images/anime/12/75012.webp
9936,Maken-Ki!,"Action, Ecchi, Harem, Martial Arts, School, Shounen, Super Power","Genres: Action, Ecchi, Harem, Martial Arts, School, Shounen, Super Power. Studio: AIC Spirits. Rating: 6.3",https://cdn.myanimelist.net/images/anime/1215/123362.jpg
10721,Mawaru Penguindrum,"Avant Garde, Drama, Mystery, Psychological, Supernatural, Suspense","Genres: Avant Garde, Drama, Mystery, Psychological, Supernatural, Suspense. Studio: Brain's Base. Rating: 7.92",https://cdn.myanimelist.net/images/anime/5/30238.webp
4059,"Clannad: Mou Hitotsu no Sekai, Tomoyo-hen","Drama, Romance, School","Genres: Drama, Romance, School. Studio: Kyoto Animation. Rating: 7.93",https://cdn.myanimelist.net/images/anime/12/19620.webp
39575,Somali to Mori no Kamisama,"Adventure, Anthropomorphic, Childcare, Drama, Fantasy","Genres: Adventure, Anthropomorphic, Childcare, Drama, Fantasy. Studio: Satelight, HORNETS. Rating: 7.81",https://cdn.myanimelist.net/images/anime/1938/102796.webp
2472,Naruto: Shippuuden Movie 1,"Action, Adventure, Fantasy, Shounen","Genres: Action, Adventure, Fantasy, Shounen. Studio: Studio Pierrot. Rating: 7.3",https://cdn.myanimelist.net/images/anime/1703/134493.webp
39292,Princess Connect! Re:Dive,"Adventure, Comedy, Fantasy, Gourmet","Genres: Adventure, Comedy, Fantasy, Gourmet. Studio: CygamesPictures. Rating: 7.03",https://cdn.myanimelist.net/images/anime/1810/106070.jpg
2787,Shakugan no Shana II (Second),"Action, Drama, Romance, School, Supernatural","Genres: Action, Drama, Romance, School, Supernatural. Studio: J.C.Staff. Rating: 7.54",https://cdn.myanimelist.net/images/anime/1827/134365.jpg
31845,Masou Gakuen HxH,"Action, Comedy, Ecchi, Fantasy, Harem, Romance, School, Urban Fantasy","Genres: Action, Comedy, Ecchi, Fantasy, Harem, Romance, School, Urban Fantasy. Studio: Production IMS. Rating: 6.11",https://cdn.myanimelist.net/images/anime/7/80262.webp
35946,Nanatsu no Taizai Movie 1: Tenkuu no Torawarebito,"Action, Adventure, Fantasy, Shounen","Genres: Action, Adventure, Fantasy, Shounen. Studio: A-1 Pictures. Rating: 7.08",https://cdn.myanimelist.net/images/anime/1444/91899.jpg
33743,Fuuka,"Drama, Ecchi, Love Polygon, Music, Romance, School, Shounen","Genres: Drama, Ecchi, Love Polygon, Music, Romance, School, Shounen. Studio: Diomedéa. Rating: 6.51",https://cdn.myanimelist.net/images/anime/8/83735.jpg
12859,One Piece Film: Z,"Action, Adventure, Fantasy, Shounen","Genres: Action, Adventure, Fantasy, Shounen. Studio: Toei Animation. Rating: 8.1",https://cdn.myanimelist.net/images/anime/6/44297.webp
34944,Bungou Stray Dogs: Dead Apple,"Action, Adult Cast, Detective, Mystery, Organized Crime, Seinen, Super Power","Genres: Action, Adult Cast, Detective, Mystery, Organized Crime, Seinen, Super Power. Studio: Bones. Rating: 7.91",https://cdn.myanimelist.net/images/anime/1127/93981.webp
20689,Hamatora The Animation,"Action, Mystery, Super Power","Genres: Action, Mystery, Super Power. Studio: NAZ. Rating: 7.24",https://cdn.myanimelist.net/images/anime/13/75653.jpg
28735,Shouwa Genroku Rakugo Shinjuu,"Drama, Historical, Josei, Love Polygon, Performing Arts","Genres: Drama, Historical, Josei, Love Polygon, Performing Arts. Studio: Studio Deen. Rating: 8.54",https://cdn.myanimelist.net/images/anime/1354/124768.jpg
61316,Re:Zero kara Hajimeru Isekai Seikatsu 4th Season,"Drama, Fantasy, Isekai, Psychological, Suspense, Time Travel","Genres: Drama, Fantasy, Isekai, Psychological, Suspense, Time Travel. Studio: White Fox. Rating: 9.12",https://cdn.myanimelist.net/images/anime/1540/155824.jpg
38084,Fate/Grand Order: Zettai Majuu Sensen Babylonia,"Action, Fantasy, Isekai","Genres: Action, Fantasy, Isekai. Studio: CloverWorks. Rating: 7.94",https://cdn.myanimelist.net/images/anime/1194/103420.webp
56784,Bleach: Sennen Kessen-hen - Soukoku-tan,"Action, Adventure, Shounen, Supernatural","Genres: Action, Adventure, Shounen, Supernatural. Studio: Pierrot Films. Rating: 8.67",https://cdn.myanimelist.net/images/anime/1595/144074.jpg
16918,Gin no Saji,"Comedy, School, Shounen","Genres: Comedy, School, Shounen. Studio: A-1 Pictures. Rating: 8.09",https://cdn.myanimelist.net/images/anime/6/49237.jpg
15039,Ano Hi Mita Hana no Namae wo Bokutachi wa Mada Shiranai. Movie,"Drama, Supernatural","Genres: Drama, Supernatural. Studio: A-1 Pictures. Rating: 7.83",https://cdn.myanimelist.net/images/anime/5/49993.jpg
6211,Tokyo Magnitude 8.0,"Award Winning, Drama","Genres: Award Winning, Drama. Studio: Bones, Kinema Citrus. Rating: 8.0",https://cdn.myanimelist.net/images/anime/1653/152734.webp
52215,Chi. Chikyuu no Undou ni Tsuite,"Drama, Historical, Seinen","Genres: Drama, Historical, Seinen. Studio: Madhouse. Rating: 8.72",https://cdn.myanimelist.net/images/anime/1749/145922.jpg
33253,Ajin Part 2,"Action, Gore, Horror, Mystery, Seinen, Supernatural","Genres: Action, Gore, Horror, Mystery, Seinen, Supernatural. Studio: Polygon Pictures. Rating: 7.55",https://cdn.myanimelist.net/images/anime/1292/157314.webp
101,Air,"Drama, Romance, Supernatural","Genres: Drama, Romance, Supernatural. Studio: Kyoto Animation. Rating: 7.27",https://cdn.myanimelist.net/images/anime/1825/146531.webp
31163,Dimension W,"Action, Sci-Fi, Seinen","Genres: Action, Sci-Fi, Seinen. Studio: Orange, Studio 3Hz. Rating: 7.17",https://cdn.myanimelist.net/images/anime/8/86304.jpg
72,Full Metal Panic? Fumoffu,"Action, Comedy, Gag Humor, School","Genres: Action, Comedy, Gag Humor, School. Studio: Kyoto Animation. Rating: 8.02",https://cdn.myanimelist.net/images/anime/4/75260.jpg
11933,Oda Nobuna no Yabou,"Action, Comedy, Harem, Historical, Military, Romance, Time Travel","Genres: Action, Comedy, Harem, Historical, Military, Romance, Time Travel. Studio: Madhouse, Studio Gokumi. Rating: 7.35",https://cdn.myanimelist.net/images/anime/11/39249.jpg
38573,Tsuujou Kougeki ga Zentai Kougeki de Ni-kai Kougeki no Okaasan wa Suki desu ka?,"Adventure, Comedy, Ecchi, Fantasy","Genres: Adventure, Comedy, Ecchi, Fantasy. Studio: J.C.Staff. Rating: 5.54",https://cdn.myanimelist.net/images/anime/1225/102250.jpg
35076,Juuni Taisen,"Action, Gore, High Stakes Game, Suspense","Genres: Action, Gore, High Stakes Game, Suspense. Studio: Graphinica. Rating: 6.53",https://cdn.myanimelist.net/images/anime/5/87684.webp
12729,High School DxD OVA,"Action, Comedy, Ecchi, Mythology, Romance, School, Supernatural","Genres: Action, Comedy, Ecchi, Mythology, Romance, School, Supernatural. Studio: TNK. Rating: 7.26",https://cdn.myanimelist.net/images/anime/13/63561.webp
15085,Amnesia,"Fantasy, Mystery, Reverse Harem, Romance","Genres: Fantasy, Mystery, Reverse Harem, Romance. Studio: Brain's Base. Rating: 5.97",https://cdn.myanimelist.net/images/anime/1311/128738.jpg
31229,Servamp,"Action, Josei, Supernatural, Vampire","Genres: Action, Josei, Supernatural, Vampire. Studio: Brain's Base, Platinum Vision. Rating: 6.87",https://cdn.myanimelist.net/images/anime/8/80953.webp
29758,Taboo Tattoo,"Action, Fantasy, Seinen, Urban Fantasy","Genres: Action, Fantasy, Seinen, Urban Fantasy. Studio: J.C.Staff. Rating: 5.73",https://cdn.myanimelist.net/images/anime/12/80197.webp
13655,Little Busters!,"Comedy, Drama, School","Genres: Comedy, Drama, School. Studio: J.C.Staff. Rating: 7.48",https://cdn.myanimelist.net/images/anime/6/43757.webp
6811,InuYasha: Kanketsu-hen,"Action, Adventure, Fantasy, Historical, Love Polygon, Mythology, Romance, Shounen, Time Travel","Genres: Action, Adventure, Fantasy, Historical, Love Polygon, Mythology, Romance, Shounen, Time Travel. Studio: Sunrise. Rating: 8.2",https://cdn.myanimelist.net/images/anime/7/75570.webp
597,Neko no Ongaeshi,"Adventure, Anthropomorphic, Award Winning, Drama, Fantasy","Genres: Adventure, Anthropomorphic, Award Winning, Drama, Fantasy. Studio: Studio Ghibli. Rating: 7.72",https://cdn.myanimelist.net/images/anime/1109/138719.webp
51462,Isekai Nonbiri Nouka,"Fantasy, Isekai, Slice of Life","Genres: Fantasy, Isekai, Slice of Life. Studio: Zero-G. Rating: 7.52",https://cdn.myanimelist.net/images/anime/1983/132329.jpg
49930,Genjitsu Shugi Yuusha no Oukoku Saikenki Part 2,"Action, Fantasy, Harem, Isekai, Military, Romance","Genres: Action, Fantasy, Harem, Isekai, Military, Romance. Studio: J.C.Staff. Rating: 7.42",https://cdn.myanimelist.net/images/anime/1088/120068.jpg
59193,Mushoku Tensei III: Isekai Ittara Honki Dasu,"Adventure, Drama, Fantasy, Isekai, Reincarnation, School","Genres: Adventure, Drama, Fantasy, Isekai, Reincarnation, School. Studio: Studio Bind. Rating: 8.57",https://cdn.myanimelist.net/images/anime/1527/158340.jpg
39523,Choujin Koukousei-tachi wa Isekai demo Yoyuu de Ikinuku you desu!,"Action, Adventure, Fantasy, Isekai","Genres: Action, Adventure, Fantasy, Isekai. Studio: Project No.9. Rating: 6.36",https://cdn.myanimelist.net/images/anime/1132/111619.webp
38778,Midara na Ao-chan wa Benkyou ga Dekinai,"Comedy, Ecchi, Romance, School, Shounen","Genres: Comedy, Ecchi, Romance, School, Shounen. Studio: SILVER LINK.. Rating: 6.69",https://cdn.myanimelist.net/images/anime/1718/98214.jpg
41006,Higurashi no Naku Koro ni Gou,"Gore, Horror, Mystery, Psychological, Suspense","Genres: Gore, Horror, Mystery, Psychological, Suspense. Studio: Passione. Rating: 7.21",https://cdn.myanimelist.net/images/anime/1716/111533.jpg
35608,Chuunibyou demo Koi ga Shitai! Movie: Take On Me,"Comedy, Drama, Romance, School","Genres: Comedy, Drama, Romance, School. Studio: Kyoto Animation. Rating: 8.1",https://cdn.myanimelist.net/images/anime/2/89974.jpg
8407,Sora no Otoshimono Forte,"Comedy, Ecchi, Harem, Romance, Sci-Fi, Shounen, Supernatural","Genres: Comedy, Ecchi, Harem, Romance, Sci-Fi, Shounen, Supernatural. Studio: AIC ASTA. Rating: 7.41",https://cdn.myanimelist.net/images/anime/11/50309.webp
35848,Promare,"Mecha, Sci-Fi, Super Power","Genres: Mecha, Sci-Fi, Super Power. Studio: Trigger. Rating: 7.88",https://cdn.myanimelist.net/images/anime/1008/101845.jpg
6205,Kämpfer,"Action, Comedy, Ecchi, Harem, Magical Sex Shift, Romance, School","Genres: Action, Comedy, Ecchi, Harem, Magical Sex Shift, Romance, School. Studio: Nomad. Rating: 6.35",https://cdn.myanimelist.net/images/anime/5/35423.webp
39586,Hataraku Saibou!!,"Anthropomorphic, Comedy, Educational, Medical, Shounen","Genres: Anthropomorphic, Comedy, Educational, Medical, Shounen. Studio: David Production. Rating: 7.38",https://cdn.myanimelist.net/images/anime/1726/114552.jpg
1686,Bleach Movie 1: Memories of Nobody,"Action, Adventure, Shounen, Supernatural","Genres: Action, Adventure, Shounen, Supernatural. Studio: Studio Pierrot. Rating: 7.44",https://cdn.myanimelist.net/images/anime/1834/134488.jpg
47161,Shikkakumon no Saikyou Kenja,"Action, Adventure, Fantasy, Reincarnation","Genres: Action, Adventure, Fantasy, Reincarnation. Studio: J.C.Staff. Rating: 6.22",https://cdn.myanimelist.net/images/anime/1132/120388.jpg
19647,Hajime no Ippo: Rising,"Combat Sports, Shounen, Sports","Genres: Combat Sports, Shounen, Sports. Studio: Madhouse, MAPPA. Rating: 8.61",https://cdn.myanimelist.net/images/anime/6/56147.webp
51064,Kuro no Shoukanshi,"Action, Fantasy, Isekai, Reincarnation","Genres: Action, Fantasy, Isekai, Reincarnation. Studio: Satelight. Rating: 7.0",https://cdn.myanimelist.net/images/anime/1517/125496.webp
52865,Romantic Killer,"Comedy, Parody, Reverse Harem, Romance, Shounen, Supernatural","Genres: Comedy, Parody, Reverse Harem, Romance, Shounen, Supernatural. Studio: domerica. Rating: 7.89",https://cdn.myanimelist.net/images/anime/1764/142001.jpg
44524,Isekai Meikyuu de Harem wo,"Action, Adventure, Erotica, Fantasy, Harem, Isekai","Genres: Action, Adventure, Erotica, Fantasy, Harem, Isekai. Studio: Passione. Rating: 6.52",https://cdn.myanimelist.net/images/anime/1490/126919.jpg
35712,Boku no Kanojo ga Majimesugiru Sho-bitch na Ken,"Comedy, Ecchi, Harem, Romance, School","Genres: Comedy, Ecchi, Harem, Romance, School. Studio: Diomedéa, Studio Blanc.. Rating: 6.2",https://cdn.myanimelist.net/images/anime/12/87623.jpg
53111,Dungeon ni Deai wo Motomeru no wa Machigatteiru Darou ka IV: Shin Shou - Yakusai-hen,"Action, Adventure, Fantasy","Genres: Action, Adventure, Fantasy. Studio: J.C.Staff. Rating: 8.26",https://cdn.myanimelist.net/images/anime/1476/128693.jpg
38610,Tejina-senpai,"Comedy, Ecchi, Performing Arts, Romance, School, Seinen","Genres: Comedy, Ecchi, Performing Arts, Romance, School, Seinen. Studio: LIDENFILMS. Rating: 6.38",https://cdn.myanimelist.net/images/anime/1510/99891.jpg
50307,Tonikaku Kawaii 2nd Season,"Comedy, Romance, Shounen","Genres: Comedy, Romance, Shounen. Studio: Seven Arcs. Rating: 7.64",https://cdn.myanimelist.net/images/anime/1996/133361.jpg
3731,Itazura na Kiss,"Comedy, Romance, School, Shoujo","Genres: Comedy, Romance, School, Shoujo. Studio: TMS Entertainment. Rating: 7.38",https://cdn.myanimelist.net/images/anime/10/19933.webp
32902,Mahoutsukai no Yome: Hoshi Matsu Hito,"Drama, Fantasy, Shounen, Urban Fantasy","Genres: Drama, Fantasy, Shounen, Urban Fantasy. Studio: Wit Studio. Rating: 8.09",https://cdn.myanimelist.net/images/anime/4/80587.jpg
25099,"Ore ga Ojousama Gakkou ni ""Shomin Sample"" Toshite Gets♥Sareta Ken","Comedy, Ecchi, Harem, Romance, School","Genres: Comedy, Ecchi, Harem, Romance, School. Studio: SILVER LINK.. Rating: 6.65",https://cdn.myanimelist.net/images/anime/9/76542.jpg
30346,Doukyuusei,"Boys Love, School","Genres: Boys Love, School. Studio: A-1 Pictures. Rating: 8.27",https://cdn.myanimelist.net/images/anime/3/78606.webp
4975,ChäoS;HEAd,"Mystery, Psychological, Sci-Fi, Supernatural, Suspense","Genres: Mystery, Psychological, Sci-Fi, Supernatural, Suspense. Studio: Madhouse. Rating: 6.28",https://cdn.myanimelist.net/images/anime/13/15443.jpg
39491,Psycho-Pass 3,"Action, Adult Cast, Detective, Gore, Mystery, Psychological, Sci-Fi, Suspense","Genres: Action, Adult Cast, Detective, Gore, Mystery, Psychological, Sci-Fi, Suspense. Studio: Production I.G. Rating: 7.44",https://cdn.myanimelist.net/images/anime/1406/104344.webp
52635,Kami no Tou: Ouji no Kikan,"Action, Adventure, Drama, Fantasy, Mystery","Genres: Action, Adventure, Drama, Fantasy, Mystery. Studio: The Answer Studio. Rating: 6.65",https://cdn.myanimelist.net/images/anime/1218/143537.jpg
35928,Devils Line,"Action, Adult Cast, Drama, Romance, Seinen, Supernatural, Vampire","Genres: Action, Adult Cast, Drama, Romance, Seinen, Supernatural, Vampire. Studio: Platinum Vision. Rating: 6.83",https://cdn.myanimelist.net/images/anime/1053/98838.jpg
43007,Osananajimi ga Zettai ni Makenai Love Comedy,"Comedy, Harem, Romance, School","Genres: Comedy, Harem, Romance, School. Studio: Doga Kobo. Rating: 6.06",https://cdn.myanimelist.net/images/anime/1111/113327.webp
29785,Jitsu wa Watashi wa,"Comedy, Harem, Romance, School, Shounen, Supernatural, Vampire","Genres: Comedy, Harem, Romance, School, Shounen, Supernatural, Vampire. Studio: TMS Entertainment. Rating: 6.82",https://cdn.myanimelist.net/images/anime/8/74042.jpg
38816,Hello World,"Drama, Romance, Sci-Fi","Genres: Drama, Romance, Sci-Fi. Studio: Graphinica. Rating: 7.49",https://cdn.myanimelist.net/images/anime/1147/112650.webp
44200,Boku no Hero Academia the Movie 3: World Heroes' Mission,"Action, Shounen, Super Power","Genres: Action, Shounen, Super Power. Studio: Bones. Rating: 7.59",https://cdn.myanimelist.net/images/anime/1049/115605.webp
43325,Yuukoku no Moriarty Part 2,"Adult Cast, Historical, Mystery, Organized Crime, Psychological, Shounen, Suspense","Genres: Adult Cast, Historical, Mystery, Organized Crime, Psychological, Shounen, Suspense. Studio: Production I.G. Rating: 8.29",https://cdn.myanimelist.net/images/anime/1200/111522.jpg
14829,Fate/kaleid liner Prisma☆Illya,"Action, Comedy, Mahou Shoujo","Genres: Action, Comedy, Mahou Shoujo. Studio: SILVER LINK.. Rating: 7.0",https://cdn.myanimelist.net/images/anime/1773/121542.jpg
34104,Knight's & Magic,"Fantasy, Isekai, Mecha, Reincarnation, School","Genres: Fantasy, Isekai, Mecha, Reincarnation, School. Studio: 8bit. Rating: 7.07",https://cdn.myanimelist.net/images/anime/1472/93813.jpg
26,Texhnolyze,"Adult Cast, Avant Garde, Drama, Mystery, Organized Crime, Psychological, Sci-Fi, Suspense","Genres: Adult Cast, Avant Garde, Drama, Mystery, Organized Crime, Psychological, Sci-Fi, Suspense. Studio: Madhouse. Rating: 7.76",https://cdn.myanimelist.net/images/anime/1027/131977.webp
24701,Mushishi Zoku Shou 2nd Season,"Adult Cast, Adventure, Historical, Iyashikei, Mystery, Seinen, Slice of Life, Supernatural","Genres: Adult Cast, Adventure, Historical, Iyashikei, Mystery, Seinen, Slice of Life, Supernatural. Studio: Artland. Rating: 8.72",https://cdn.myanimelist.net/images/anime/9/68095.webp
28675,Kyoukai no Kanata Movie 2: I'll Be Here - Mirai-hen,"Action, Romance, School, Supernatural","Genres: Action, Romance, School, Supernatural. Studio: Kyoto Animation. Rating: 8.13",https://cdn.myanimelist.net/images/anime/9/72614.jpg
79,Shuffle!,"Comedy, Ecchi, Fantasy, Harem, Romance, School, Urban Fantasy","Genres: Comedy, Ecchi, Fantasy, Harem, Romance, School, Urban Fantasy. Studio: asread.. Rating: 7.0",https://cdn.myanimelist.net/images/anime/1290/133860.webp
41461,Date A Live IV,"Action, Fantasy, Harem, Romance, School, Sci-Fi, Urban Fantasy","Genres: Action, Fantasy, Harem, Romance, School, Sci-Fi, Urban Fantasy. Studio: Geek Toys. Rating: 7.73",https://cdn.myanimelist.net/images/anime/1368/121281.jpg
34012,Isekai Shokudou,"Fantasy, Gourmet, Isekai, Slice of Life","Genres: Fantasy, Gourmet, Isekai, Slice of Life. Studio: SILVER LINK.. Rating: 7.42",https://cdn.myanimelist.net/images/anime/3/86666.jpg
1530,Kanon (2006),"Drama, Romance, Supernatural","Genres: Drama, Romance, Supernatural. Studio: Kyoto Animation. Rating: 7.94",https://cdn.myanimelist.net/images/anime/1362/128746.jpg
44,Rurouni Kenshin: Meiji Kenkaku Romantan - Tsuioku-hen,"Action, Adult Cast, Drama, Historical, Romance, Samurai, Shounen","Genres: Action, Adult Cast, Drama, Historical, Romance, Samurai, Shounen. Studio: Studio Deen. Rating: 8.69",https://cdn.myanimelist.net/images/anime/1656/137618.jpg
21339,Psycho-Pass Movie 1,"Action, Adult Cast, Military, Sci-Fi","Genres: Action, Adult Cast, Military, Sci-Fi. Studio: Production I.G. Rating: 7.69",https://cdn.myanimelist.net/images/anime/8/71793.jpg
32188,Steins;Gate: Kyoukaimenjou no Missing Link - Divide By Zero,"Sci-Fi, Suspense, Time Travel","Genres: Sci-Fi, Suspense, Time Travel. Studio: White Fox. Rating: 8.27",https://cdn.myanimelist.net/images/anime/7/77324.webp
21863,Mangaka-san to Assistant-san to The Animation,"Comedy, Ecchi, Harem, Seinen","Genres: Comedy, Ecchi, Harem, Seinen. Studio: Zexcs. Rating: 7.08",https://cdn.myanimelist.net/images/anime/11/62219.jpg
53613,Dead Mount Death Play,"Action, Fantasy, Reincarnation, Seinen, Urban Fantasy","Genres: Action, Fantasy, Reincarnation, Seinen, Urban Fantasy. Studio: Geek Toys. Rating: 7.25",https://cdn.myanimelist.net/images/anime/1930/133758.jpg
18753,Yahari Ore no Seishun Love Comedy wa Machigatteiru. OVA,"Comedy, Love Polygon, Romance, School","Genres: Comedy, Love Polygon, Romance, School. Studio: Brain's Base. Rating: 7.59",https://cdn.myanimelist.net/images/anime/9/54831.jpg
60058,[Oshi no Ko] 3rd Season,"Drama, Reincarnation, Seinen, Showbiz","Genres: Drama, Reincarnation, Seinen, Showbiz. Studio: Doga Kobo. Rating: 8.68",https://cdn.myanimelist.net/images/anime/1979/153329.jpg
51297,Ragna Crimson,"Action, Fantasy, Shounen","Genres: Action, Fantasy, Shounen. Studio: SILVER LINK.. Rating: 7.56",https://cdn.myanimelist.net/images/anime/1763/140359.jpg
34176,Zero kara Hajimeru Mahou no Sho,"Action, Adventure, Anthropomorphic, Fantasy","Genres: Action, Adventure, Anthropomorphic, Fantasy. Studio: White Fox. Rating: 7.06",https://cdn.myanimelist.net/images/anime/5/85224.webp
416,Kurenai no Buta,"Action, Adventure, Award Winning, Comedy, Drama, Historical, Military, Romance","Genres: Action, Adventure, Award Winning, Comedy, Drama, Historical, Military, Romance. Studio: Studio Ghibli. Rating: 7.97",https://cdn.myanimelist.net/images/anime/1728/138709.webp
41468,Burn the Witch,"Action, Fantasy, Shounen","Genres: Action, Fantasy, Shounen. Studio: Studio Colorido, team Yamahitsuji. Rating: 7.14",https://cdn.myanimelist.net/images/anime/1993/108967.jpg
4437,Naruto: Shippuuden Movie 2 - Kizuna,"Action, Adventure, Fantasy, Shounen","Genres: Action, Adventure, Fantasy, Shounen. Studio: Studio Pierrot. Rating: 7.29",https://cdn.myanimelist.net/images/anime/1484/134494.webp
7592,Nurarihyon no Mago,"Action, Mythology, Shounen, Supernatural","Genres: Action, Mythology, Shounen, Supernatural. Studio: Studio Deen. Rating: 7.6",https://cdn.myanimelist.net/images/anime/9/75631.webp
42916,Sword Art Online: Progressive Movie - Hoshi Naki Yoru no Aria,"Action, Adventure, Fantasy, Video Game","Genres: Action, Adventure, Fantasy, Video Game. Studio: A-1 Pictures. Rating: 7.94",https://cdn.myanimelist.net/images/anime/1590/116274.webp
42192,Edens Zero,"Action, Adventure, Fantasy, Sci-Fi, Shounen, Space","Genres: Action, Adventure, Fantasy, Sci-Fi, Shounen, Space. Studio: J.C.Staff. Rating: 7.24",https://cdn.myanimelist.net/images/anime/1011/111811.webp
7769,Ookami-san to Shichinin no Nakama-tachi,"Comedy, Parody, Romance","Genres: Comedy, Parody, Romance. Studio: J.C.Staff. Rating: 7.15",https://cdn.myanimelist.net/images/anime/9/75240.jpg
10521,Working'!!,"Comedy, Love Status Quo, Romance, Seinen, Workplace","Genres: Comedy, Love Status Quo, Romance, Seinen, Workplace. Studio: A-1 Pictures. Rating: 7.81",https://cdn.myanimelist.net/images/anime/3/75263.webp
31374,Shingeki! Kyojin Chuugakkou,"Comedy, Parody, School, Shounen","Genres: Comedy, Parody, School, Shounen. Studio: Production I.G. Rating: 7.22",https://cdn.myanimelist.net/images/anime/3/75467.webp
31376,Flying Witch,"Fantasy, Iyashikei, Shounen, Slice of Life, Urban Fantasy","Genres: Fantasy, Iyashikei, Shounen, Slice of Life, Urban Fantasy. Studio: J.C.Staff. Rating: 7.5",https://cdn.myanimelist.net/images/anime/6/80039.webp
4722,Skip Beat!,"Comedy, Drama, Love Polygon, Romance, Shoujo, Showbiz","Genres: Comedy, Drama, Love Polygon, Romance, Shoujo, Showbiz. Studio: HAL Film Maker. Rating: 8.07",https://cdn.myanimelist.net/images/anime/11/84022.webp
47257,Shinigami Bocchan to Kuro Maid,"Comedy, Fantasy, Love Status Quo, Romance","Genres: Comedy, Fantasy, Love Status Quo, Romance. Studio: J.C.Staff. Rating: 7.58",https://cdn.myanimelist.net/images/anime/1471/115593.jpg
41930,Kamisama ni Natta Hi,"Drama, Super Power","Genres: Drama, Super Power. Studio: P.A. Works. Rating: 6.81",https://cdn.myanimelist.net/images/anime/1396/109465.jpg
11737,Ao no Exorcist Movie,"Action, Mythology, School, Shounen, Supernatural","Genres: Action, Mythology, School, Shounen, Supernatural. Studio: A-1 Pictures. Rating: 7.57",https://cdn.myanimelist.net/images/anime/7/42005.jpg
38297,"Maou-sama, Retry!","Action, Adventure, Fantasy, Isekai","Genres: Action, Adventure, Fantasy, Isekai. Studio: EKACHI EPILKA. Rating: 6.54",https://cdn.myanimelist.net/images/anime/1754/113897.jpg
16,Hachimitsu to Clover,"Adult Cast, Comedy, Drama, Josei, Love Polygon, Romance, Visual Arts","Genres: Adult Cast, Comedy, Drama, Josei, Love Polygon, Romance, Visual Arts. Studio: J.C.Staff. Rating: 7.98",https://cdn.myanimelist.net/images/anime/1301/133577.jpg
43439,Shadows House,"Fantasy, Mystery, Seinen","Genres: Fantasy, Mystery, Seinen. Studio: CloverWorks. Rating: 7.81",https://cdn.myanimelist.net/images/anime/1424/113342.jpg
528,Pokemon Movie 01: Mewtwo no Gyakushuu,"Action, Adventure, Award Winning, Comedy, Fantasy, Kids","Genres: Action, Adventure, Award Winning, Comedy, Fantasy, Kids. Studio: OLM. Rating: 7.68",https://cdn.myanimelist.net/images/anime/1513/140273.webp
210,Ranma ½,"Action, Comedy, Ecchi, Magical Sex Shift, Martial Arts, Romance, School, Shounen","Genres: Action, Comedy, Ecchi, Magical Sex Shift, Martial Arts, Romance, School, Shounen. Studio: Studio Deen. Rating: 7.78",https://cdn.myanimelist.net/images/anime/13/6441.jpg
42205,Shaman King (2021),"Action, Adventure, Shounen, Supernatural","Genres: Action, Adventure, Shounen, Supernatural. Studio: Bridge. Rating: 6.91",https://cdn.myanimelist.net/images/anime/1416/113270.jpg
58426,Shikanoko Nokonoko Koshitantan,"Comedy, Gag Humor, School, Shounen","Genres: Comedy, Gag Humor, School, Shounen. Studio: Wit Studio. Rating: 6.93",https://cdn.myanimelist.net/images/anime/1094/143324.jpg
50932,Saikyou Onmyouji no Isekai Tenseiki,"Action, Adventure, Fantasy, Isekai, Reincarnation","Genres: Action, Adventure, Fantasy, Isekai, Reincarnation. Studio: Studio Blanc.. Rating: 7.08",https://cdn.myanimelist.net/images/anime/1547/125900.webp
21877,High Score Girl,"Comedy, Love Polygon, Romance, School, Seinen, Video Game","Genres: Comedy, Love Polygon, Romance, School, Seinen, Video Game. Studio: J.C.Staff. Rating: 7.74",https://cdn.myanimelist.net/images/anime/1668/91345.jpg
